<metadata><idinfo><citation><citeinfo><origin>Alan Mair</origin><pubdate>2019</pubdate><title>Mean annual water-budget components for the Island of Maui, Hawaii, for average climate conditions, 1978-2007 rainfall and 2017 land cover</title><geoform>Vector Digital Data</geoform><pubinfo><pubplace>Reston, Virginia</pubplace><publish>U.S. Geological Survey</publish></pubinfo><onlink>https://doi.org/10.5066/P91WSOFO</onlink><lworkcit><citeinfo><origin>Alan Mair</origin><origin>Adam G. Johnson</origin><origin>Kolja Rotzoll</origin><origin>Delwyn S. Oki</origin><pubdate>2019</pubdate><title>Estimated Groundwater Recharge from a Water-Budget Model Incorporating Selected Climate Projections, Island of Maui, Hawaii</title><geoform>Publication</geoform><pubinfo><pubplace>Reston, Virginia</pubplace><publish>U.S. Geological Survey</publish></pubinfo><onlink>https://doi.org/10.3133/sir20195064</onlink></citeinfo></lworkcit></citeinfo></citation><descript><abstract>This shapefile represents the spatial distribution of mean annual water-budget components, in inches, for the Island of Maui, Hawaii for an average (or present-day) climate condition and 2017 land cover, as described in USGS SIR 2019-5064. The water-budget components for each model subarea were computed for a scenario representative of present-day climate conditions during 1978-2007 using a water-budget model developed by Johnson and others (2018). The 2017 land-cover map developed by Mair (2018) was used to define the land-cover conditions and the model subareas. The shapefile attribute information associated with each subarea (or polygon) present an estimate of mean annual rainfall, fog interception, irrigation, septic system leachate, seepage from reservoirs and cesspools, runoff, canopy evaporation, total evapotranspiration, and total recharge. This shapefile also includes select geographic and land-cover attributes of the model subareas. Brief descriptions of the water-budget components and attributes are included in this metadata file. Refer to USGS SIR 2019-5064 for further details of the methods and sources used to determine these components and attributes.</abstract><purpose>The water-budget components in this shapefile were determined as part of a study to estimate the spatial distribution of groundwater recharge on the Island of Maui, Hawaii, for a set of present-day and future climate conditions, and 2017 land cover, as described in USGS SIR 2019-5064. The recharge estimates may be used in numerical groundwater models that can evaluate the effects of groundwater withdrawals on groundwater levels, streamflow, coastal discharge, and salinities in public and private wells on Maui.</purpose></descript><timeperd><timeinfo><rngdates><begdate>1978</begdate><enddate>2017</enddate></rngdates></timeinfo><current>publication date</current></timeperd><status><progress>Complete</progress><update>None planned</update></status><spdom><bounding><westbc>-156.702355317</westbc><eastbc>-155.97393106</eastbc><northbc>21.032681547</northbc><southbc>20.56801608</southbc></bounding></spdom><keywords><theme><themekt>USGS Thesaurus</themekt><themekey>groundwater</themekey><themekey>precipitation (atmospheric)</themekey><themekey>irrigation</themekey><themekey>water budget</themekey><themekey>runoff</themekey><themekey>water cycle</themekey></theme><theme><themekt>ISO 19115 Topic Categories</themekt><themekey>inlandWaters</themekey></theme><theme><themekt>None</themekt><themekey>water-budget model</themekey><themekey>fog interception</themekey><themekey>septic-system leachate</themekey><themekey>reservoir seepage</themekey><themekey>cesspool seepage</themekey><themekey>canopy evaporation</themekey><themekey>net precipitation</themekey><themekey>total evapotranspiration</themekey><themekey>direct recharge</themekey><themekey>recharge</themekey></theme><place><placekt>CommonGeographicAreas</placekt><placekey>Maui</placekey><placekey>Hawaii</placekey><placekey>Pacific Islands</placekey></place></keywords><accconst>none</accconst><useconst>none</useconst><ptcontac><cntinfo><cntperp><cntper>Alan Mair</cntper><cntorg>PACIFIC REGION: PACIFIC ISLANDS WATER SCI CTR</cntorg></cntperp><cntpos>Hydrologist</cntpos><cntaddr><addrtype>mailing and physical</addrtype><address>1845 Wasp Boulevard, Bld 176</address><city>Honolulu</city><state>HI</state><postal>96818</postal><country>US</country></cntaddr><cntvoice>808-690-9596</cntvoice><cntemail>dmair@usgs.gov</cntemail></cntinfo></ptcontac><browse><browsen>To be determined</browsen><browsed>Mean annual recharge map</browsed><browset>PNG</browset></browse><datacred>County of Maui Department of Water Supply; Pacific Regional Integrated Sciences and Assessments Program</datacred></idinfo><dataqual><attracc><attraccr>No formal attribute accuracy tests were conducted</attraccr></attracc><logic>No formal logical accuracy tests were conducted</logic><complete>Data set is considered complete for the information presented, as described in the abstract. Users are advised to read the rest of the metadata record carefully for additional details.</complete><posacc><horizpa><horizpar>No formal positional accuracy tests were conducted</horizpar></horizpa><vertacc><vertaccr>No formal positional accuracy tests were conducted</vertaccr></vertacc></posacc><lineage><srcinfo><srccite><citeinfo><origin>Johnson, A.G., Engott, J.A., Bassiouni, Maoya, and Rotzoll, Kolja</origin><pubdate>2018</pubdate><title>Spatially distributed groundwater recharge estimated using a water-budget model for the Island of Maui, Hawai`i, 1978–2007 (ver. 2.0, February 2018)</title><geoform>Publication</geoform><pubinfo><pubplace>Reston, Virginia</pubplace><publish>U.S. Geological Survey</publish></pubinfo><onlink>https://doi.org/10.3133/sir20145168</onlink></citeinfo></srccite><typesrc>Digital and/or Hardcopy Resources</typesrc><srctime><timeinfo><rngdates><begdate>19780101</begdate><enddate>20101231</enddate></rngdates></timeinfo><srccurr>publication date</srccurr></srctime><srccitea>Johnson and others (2018)</srccitea><srccontr>Water-budget model used to estimate groundwater recharge and other water-budget components</srccontr></srcinfo><srcinfo><srccite><citeinfo><origin>Mair, Alan</origin><pubdate>2018</pubdate><title>Land-Cover Map for the Island of Maui, Hawaii, 2017 (version 1.2, November 2018)</title><geoform>Vector Digital Data</geoform><pubinfo><pubplace>Reston, Virginia</pubplace><publish>U.S. Geological Survey</publish></pubinfo><onlink>https://doi.org/10.5066/F7DF6PPB</onlink></citeinfo></srccite><typesrc>Digital and/or Hardcopy Resources</typesrc><srctime><timeinfo><rngdates><begdate>20080101</begdate><enddate>20170101</enddate></rngdates></timeinfo><srccurr>publication date</srccurr></srctime><srccitea>Mair (2018)</srccitea><srccontr>Base map used to define water-budget model subareas and 2017 land-cover conditions</srccontr></srcinfo><srcinfo><srccite><citeinfo><origin>State of Hawaii</origin><pubdate>2010</pubdate><title>Aquifers (DLNR version)</title><geoform>Vector Digital Data</geoform><pubinfo><pubplace>Honolulu, Hawaii</pubplace><publish>State of Hawaii, Department of Land and Natural Resources</publish></pubinfo><onlink>http://planning.hawaii.gov/gis/download-gis-data/</onlink></citeinfo></srccite><typesrc>Digital and/or Hardcopy Resources</typesrc><srctime><timeinfo><rngdates><begdate>20100101</begdate><enddate>20101231</enddate></rngdates></timeinfo><srccurr>publication date</srccurr></srctime><srccitea>State of Hawaii (2010)</srccitea><srccontr>Source used to delineate the boundaries of aquifer systems</srccontr></srcinfo><procstep><procdesc>The land-cover map developed by Mair (2018) was used to define the subareas of the water-budget model simulation and the 2017 land-cover conditions associated with each subarea. The water-budget model developed by Johnson and others (2018) was then used to estimate mean annual groundwater recharge and other water-budget components for each subarea. Refer to USGS SIR 2019-5064 for further details of the methods and sources used to determine these components and attributes.</procdesc><procdate>20181031</procdate></procstep></lineage></dataqual><spref><horizsys><planar><planci><plance>coordinate pair</plance><coordrep><absres>0.6096</absres><ordres>0.6096</ordres></coordrep><plandu>METERS</plandu></planci></planar><geodetic><horizdn>D_North_American_1983</horizdn><ellips>GRS_1980</ellips><semiaxis>6378137.0</semiaxis><denflat>298.257222101</denflat></geodetic></horizsys></spref><eainfo><detailed Name="Mean_annual_components_Maui_1978_2007_rainfall_2017_land_cover"><enttyp><enttypl>Attribute Table</enttypl><enttypd>Table containing attribute information associated with the data set</enttypd><enttypds>Producer defined</enttypds><enttypt Sync="TRUE">Feature Class</enttypt><enttypc Sync="TRUE">505294</enttypc></enttyp><attr><attrlabl Sync="TRUE">FID</attrlabl><attalias Sync="TRUE">FID</attalias><attrtype Sync="TRUE">OID</attrtype><attwidth Sync="TRUE">4</attwidth><atprecis Sync="TRUE">0</atprecis><attscale Sync="TRUE">0</attscale><attrdef Sync="TRUE">Internal feature number.</attrdef><attrdefs Sync="TRUE">Esri</attrdefs><attrdomv><udom Sync="TRUE">Sequential unique whole numbers that are automatically generated.</udom></attrdomv></attr><attr><attrlabl Sync="TRUE">Shape</attrlabl><attalias Sync="TRUE">Shape</attalias><attrtype Sync="TRUE">Geometry</attrtype><attwidth Sync="TRUE">0</attwidth><atprecis Sync="TRUE">0</atprecis><attscale Sync="TRUE">0</attscale><attrdef Sync="TRUE">Feature geometry.</attrdef><attrdefs Sync="TRUE">Esri</attrdefs><attrdomv><udom Sync="TRUE">Coordinates defining the features.</udom></attrdomv></attr><attr><attrlabl>POLYGON_ID</attrlabl><attrdef>Unique identification number of each water-budget subarea.</attrdef><attrdefs>Producer defined</attrdefs><attrdomv><rdom><rdommin>1</rdommin><rdommax>505294</rdommax><attrunit>Integer</attrunit></rdom></attrdomv><attalias Sync="TRUE">POLYGON_ID</attalias><attrtype Sync="TRUE">Integer</attrtype><attwidth Sync="TRUE">10</attwidth><atprecis Sync="TRUE">10</atprecis><attscale Sync="TRUE">0</attscale></attr><attr><attrlabl>AREA_SQ_M</attrlabl><attrdef>Area, in square meters.</attrdef><attrdefs>Producer defined</attrdefs><attrdomv><rdom><rdommin>0.000006</rdommin><rdommax>58534.359793</rdommax><attrunit>square meters</attrunit></rdom></attrdomv><attalias Sync="TRUE">AREA_SQ_M</attalias><attrtype Sync="TRUE">Double</attrtype><attwidth Sync="TRUE">19</attwidth><atprecis Sync="TRUE">0</atprecis><attscale Sync="TRUE">0</attscale></attr><attr><attrlabl>ilu2017</attrlabl><attrdef>Identification number of land-cover name</attrdef><attrdefs>Mair (2018)</attrdefs><attrdomv><udom>Identification number of land-cover or vegetation as defined by Mair (2018) and described in the LC_2017 attribute.</udom></attrdomv><attalias Sync="TRUE">ilu2017</attalias><attrtype Sync="TRUE">Integer</attrtype><attwidth Sync="TRUE">10</attwidth><atprecis Sync="TRUE">10</atprecis><attscale Sync="TRUE">0</attscale></attr><attr><attrlabl>LC_2017</attrlabl><attrdef>Name of land cover or vegetation, 2017</attrdef><attrdefs>Mair (2018)</attrdefs><attrdomv><udom>Name of the land cover or vegetation, 2017 as defined by Mair (2018).</udom></attrdomv><attalias Sync="TRUE">LC_2017</attalias><attrtype Sync="TRUE">String</attrtype><attwidth Sync="TRUE">254</attwidth><atprecis Sync="TRUE">0</atprecis><attscale Sync="TRUE">0</attscale></attr><attr><attrlabl>Aqfr_Name</attrlabl><attrdef>Name of the aquifer system</attrdef><attrdefs>State of Hawaii (2010)</attrdefs><attrdomv><udom>Name of the aquifer system, as defined by the State of Hawaii Commission on Water Resource Management (State of Hawaii, 2010).</udom></attrdomv><attalias Sync="TRUE">Aqfr_Name</attalias><attrtype Sync="TRUE">String</attrtype><attwidth Sync="TRUE">254</attwidth><atprecis Sync="TRUE">0</atprecis><attscale Sync="TRUE">0</attscale></attr><attr><attrlabl>Aqfr_Code</attrlabl><attrdef>Identification number of aquifer system.</attrdef><attrdefs>State of Hawaii (2010)</attrdefs><attrdomv><udom>Identification number of aquifer system as defined by State of Hawaii (2010) and described in the Aqfr_Name attribute.</udom></attrdomv><attalias Sync="TRUE">Aqfr_Code</attalias><attrtype Sync="TRUE">Integer</attrtype><attwidth Sync="TRUE">10</attwidth><atprecis Sync="TRUE">10</atprecis><attscale Sync="TRUE">0</attscale></attr><attr><attrlabl>Rain</attrlabl><attrdef>Mean annual rainfall, in inches, 1978-2007.</attrdef><attrdefs>Values were computed in the water-budget model on the basis of rainfall input data sets. Refer to USGS SIR 2019-5064 for further information regarding the methods and sources used to compute rainfall.</attrdefs><attrdomv><rdom><rdommin>10.275</rdommin><rdommax>404.370</rdommax><attrunit>inches</attrunit></rdom></attrdomv><attalias Sync="TRUE">Rain</attalias><attrtype Sync="TRUE">Double</attrtype><attwidth Sync="TRUE">19</attwidth><atprecis Sync="TRUE">0</atprecis><attscale Sync="TRUE">0</attscale></attr><attr><attrlabl>Fog</attrlabl><attrdef>Mean annual fog interception, in inches</attrdef><attrdefs>Producer defined</attrdefs><attrdomv><rdom><rdommin>0</rdommin><rdommax>30.934</rdommax><attrunit>inches</attrunit></rdom></attrdomv><attalias Sync="TRUE">Fog</attalias><attrtype Sync="TRUE">Double</attrtype><attwidth Sync="TRUE">19</attwidth><atprecis Sync="TRUE">0</atprecis><attscale Sync="TRUE">0</attscale></attr><attr><attrlabl>Irr</attrlabl><attrdef>Mean annual irrigation, in inches. For subareas with irrigated land covers other than taro, irrigation was estimated using a demand-based approach, as described in the "Irrigation" section of SIR 2019-5064. For subareas with taro land cover, annual irrigation was set at 455 inches.</attrdef><attrdefs>Producer defined</attrdefs><attrdomv><rdom><rdommin>0</rdommin><rdommax>455.000</rdommax><attrunit>inches</attrunit></rdom></attrdomv><attalias Sync="TRUE">Irr</attalias><attrtype Sync="TRUE">Double</attrtype><attwidth Sync="TRUE">19</attwidth><atprecis Sync="TRUE">0</atprecis><attscale Sync="TRUE">0</attscale></attr><attr><attrlabl>Dir_RC</attrlabl><attrdef>Mean annual direct recharge, in inches. Direct recharge includes water seepage from cesspools, reservoirs, and water bodies. The source of direct recharge for a given subarea may be from external sources, including groundwater and imported streamflow.</attrdef><attrdefs>Producer defined and based on rates of wastewater-effluent discharge to parcels with on-site-disposal systems. Refer to USGS SIR 2019-5064 for further information regarding the methods and sources used to determine direct recharge.</attrdefs><attrdomv><rdom><rdommin>0</rdommin><rdommax>1268.000</rdommax><attrunit>inches</attrunit></rdom></attrdomv><attalias Sync="TRUE">Dir_RC</attalias><attrtype Sync="TRUE">Double</attrtype><attwidth Sync="TRUE">19</attwidth><atprecis Sync="TRUE">0</atprecis><attscale Sync="TRUE">0</attscale></attr><attr><attrlabl>Runoff</attrlabl><attrdef>Mean annual direct runoff, in inches, excluding water allocated from estimates of water captured by storm-drain systems (SDrain). Values are the same as those in the "Total Roff" column for most subareas.</attrdef><attrdefs>Producer defined</attrdefs><attrdomv><rdom><rdommin>0</rdommin><rdommax>244.611</rdommax><attrunit>inches</attrunit></rdom></attrdomv><attalias Sync="TRUE">Runoff</attalias><attrtype Sync="TRUE">Double</attrtype><attwidth Sync="TRUE">19</attwidth><atprecis Sync="TRUE">0</atprecis><attscale Sync="TRUE">0</attscale></attr><attr><attrlabl>AE</attrlabl><attrdef>Mean annual evapotranspiration, in inches. For subareas with nonforest land cover, (which excludes subareas with alien forest, native forest, and tree plantation land covers), AE represents total evapotranspiration, or the sum of ground evaporation, transpiration, and canopy evaporation. For subareas with forest land cover (which consists of subareas with alien forest, native forest, and tree plantation land covers), AE represents the sum of ground evaporation and transpiration from the plant-root-zone reservoir but excludes canopy evaporation.</attrdef><attrdefs>Producer defined</attrdefs><attrdomv><rdom><rdommin>0.886</rdommin><rdommax>128.478</rdommax><attrunit>inches</attrunit></rdom></attrdomv><attalias Sync="TRUE">AE</attalias><attrtype Sync="TRUE">Double</attrtype><attwidth Sync="TRUE">19</attwidth><atprecis Sync="TRUE">0</atprecis><attscale Sync="TRUE">0</attscale></attr><attr><attrlabl>Rech</attrlabl><attrdef>Mean annual recharge, in inches, excluding water allocated from estimates of water captured by storm-drain systems (SDrain). Values are the same as those in the "Total_Rech" column for most subareas.</attrdef><attrdefs>Producer defined</attrdefs><attrdomv><rdom><rdommin>0</rdommin><rdommax>2015.728</rdommax><attrunit>inches</attrunit></rdom></attrdomv><attalias Sync="TRUE">Rech</attalias><attrtype Sync="TRUE">Double</attrtype><attwidth Sync="TRUE">19</attwidth><atprecis Sync="TRUE">0</atprecis><attscale Sync="TRUE">0</attscale></attr><attr><attrlabl>PNet</attrlabl><attrdef>Mean annual net precipitation, in inches, to the plant-root zone reservoir. This value equals rainfall plus fog interception minus canopy evaporation.</attrdef><attrdefs>Producer defined</attrdefs><attrdomv><rdom><rdommin>5.383</rdommin><rdommax>416.678</rdommax><attrunit>inches</attrunit></rdom></attrdomv><attalias Sync="TRUE">PNet</attalias><attrtype Sync="TRUE">Double</attrtype><attwidth Sync="TRUE">19</attwidth><atprecis Sync="TRUE">0</atprecis><attscale Sync="TRUE">0</attscale></attr><attr><attrlabl>Can_Int</attrlabl><attrdef>Mean annual canopy evaporation, in inches. Canopy evaporation was computed by the water-budget model for subareas with forest land cover, but not for subareas with nonforest land cover. For subareas with nonforest land cover, canopy evaporation is zero.</attrdef><attrdefs>Producer defined</attrdefs><attrdomv><rdom><rdommin>0</rdommin><rdommax>38.834</rdommax><attrunit>inches</attrunit></rdom></attrdomv><attalias Sync="TRUE">Can_Int</attalias><attrtype Sync="TRUE">Double</attrtype><attwidth Sync="TRUE">19</attwidth><atprecis Sync="TRUE">0</atprecis><attscale Sync="TRUE">0</attscale></attr><attr><attrlabl>Septic</attrlabl><attrdef>Mean annual septic-system leachate, in inches.</attrdef><attrdefs>Values were computed in the water-budget model on the basis of rates of wastewater-effluent discharge to parcels with on-site-disposal systems. Refer to USGS SIR 2019-5064 for further information regarding the methods and sources used to determine septic-system leachate.</attrdefs><attrdomv><rdom><rdommin>0</rdommin><rdommax>2008.486</rdommax><attrunit>inches</attrunit></rdom></attrdomv><attalias Sync="TRUE">Septic</attalias><attrtype Sync="TRUE">Double</attrtype><attwidth Sync="TRUE">19</attwidth><atprecis Sync="TRUE">0</atprecis><attscale Sync="TRUE">0</attscale></attr><attr><attrlabl>SDrain</attrlabl><attrdef>Mean annual storm-drain capture, in inches. Water capture by storm-drain systems.</attrdef><attrdefs>Producer defined</attrdefs><attrdomv><rdom><rdommin>0</rdommin><rdommax>70.478</rdommax><attrunit>inches</attrunit></rdom></attrdomv><attalias Sync="TRUE">SDrain</attalias><attrtype Sync="TRUE">Double</attrtype><attwidth Sync="TRUE">19</attwidth><atprecis Sync="TRUE">0</atprecis><attscale Sync="TRUE">0</attscale></attr><attr><attrlabl>Total_Rech</attrlabl><attrdef>Mean annual recharge, in inches, including water allocated from estimates of water captured by storm-drain systems (SDrain) as described in SIR 2019-5064. Recharge was set to constant rates for subareas with land cover of water body (0 in/yr) and reservoir (528 or 1,268 in/yr, depending on location). For subareas with taro land cover, recharge equals 455 in/yr plus direct recharge from cesspools. For the remaining subareas, recharge was calculated as described in SIR 2019-5064, and for some subareas, may include additional water allocated from SDrain. Mean annual values for water inflows (PNet + Irr + Septic) to the plant-root zone (which includes the soil) may not equal water outflows (Total_Roff + AE + Recharge exclusive of Dir_RC) because of changes in soil-moisture storage and because of rounding and averaging of the model results.</attrdef><attrdefs>Producer defined</attrdefs><attrdomv><rdom><rdommin>0</rdommin><rdommax>2015.728</rdommax><attrunit>inches</attrunit></rdom></attrdomv><attalias Sync="TRUE">Total_Rech</attalias><attrtype Sync="TRUE">Double</attrtype><attwidth Sync="TRUE">19</attwidth><atprecis Sync="TRUE">0</atprecis><attscale Sync="TRUE">0</attscale></attr><attr><attrlabl>Total_Roff</attrlabl><attrdef>Mean annual direct runoff, in inches. For some subareas, runoff values include water allocated from estimates of water captured by storm-drain systems (SDrain), as described in SIR 2019-5064.</attrdef><attrdefs>Producer defined</attrdefs><attrdomv><rdom><rdommin>0</rdommin><rdommax>244.611</rdommax><attrunit>inches</attrunit></rdom></attrdomv><attalias Sync="TRUE">Total_Roff</attalias><attrtype Sync="TRUE">Double</attrtype><attwidth Sync="TRUE">19</attwidth><atprecis Sync="TRUE">0</atprecis><attscale Sync="TRUE">0</attscale></attr><attr><attrlabl>Total_ET</attrlabl><attrdef>Mean annual total evapotranspiration, in inches. Total evapotranspiration is the sum of ground evaporation, transpiration, and canopy evaporation. Values in this column equal the sum of the values in the "AE" and "Can_Int" columns.</attrdef><attrdefs>Producer defined</attrdefs><attrdomv><rdom><rdommin>2.666</rdommin><rdommax>128.478</rdommax><attrunit>inches</attrunit></rdom></attrdomv><attalias Sync="TRUE">Total_ET</attalias><attrtype Sync="TRUE">Double</attrtype><attwidth Sync="TRUE">19</attwidth><atprecis Sync="TRUE">0</atprecis><attscale Sync="TRUE">0</attscale></attr><attr><attrlabl>Total_Prec</attrlabl><attrdef>Mean annual total precipitation, in inches. Total precipitation is the sum of rain and cloud-water interception (or fog drip). Values in this column equal the sum of the values in the "Rain" and "Fog" columns.</attrdef><attrdefs>Producer defined</attrdefs><attrdomv><rdom><rdommin>10.275</rdommin><rdommax>435.076</rdommax><attrunit>inches</attrunit></rdom></attrdomv><attalias Sync="TRUE">Total_Prec</attalias><attrtype Sync="TRUE">Double</attrtype><attwidth Sync="TRUE">19</attwidth><atprecis Sync="TRUE">0</atprecis><attscale Sync="TRUE">0</attscale></attr></detailed></eainfo><distinfo><distrib><cntinfo><cntperp><cntper>U.S. Geological Survey - ScienceBase</cntper><cntorg>U.S. Geological Survey - ScienceBase</cntorg></cntperp><cntaddr><addrtype>mailing and physical</addrtype><address>Denver Federal Center, Building 810, Mail Stop 302</address><city>Denver</city><state>UNITED STATES</state><postal>80225</postal><country>CO</country></cntaddr><cntvoice>1-888-275-8747</cntvoice><cntemail>sciencebase@usgs.gov</cntemail></cntinfo></distrib><distliab>Unless otherwise stated, all data, metadata and related materials are considered to satisfy the quality standards relative to the purpose for which the data were collected. Although these data and associated metadata have been reviewed for accuracy and completeness and approved for release by the U.S. Geological Survey (USGS), no warranty expressed or implied is made regarding the display or utility of the data for other purposes, nor on all computer systems, nor shall the act of distribution constitute any such warranty.</distliab><stdorder><digform><digtinfo><formname>SHP</formname><formvern>ArcGIS 10.4.1</formvern><formspec>ESRI Polygon Shapefile</formspec></digtinfo><digtopt><onlinopt><computer><networka><networkr>To be determined</networkr></networka></computer></onlinopt></digtopt></digform><fees>None</fees></stdorder></distinfo><metainfo><metd>20190613</metd><metc><cntinfo><cntperp><cntper>Alan Mair</cntper><cntorg>PACIFIC REGION: PACIFIC ISLANDS WATER SCI CTR</cntorg></cntperp><cntpos>Hydrologist</cntpos><cntaddr><addrtype>mailing and physical</addrtype><address>1845 Wasp Boulevard, Bld 176</address><city>Honolulu</city><state>HI</state><postal>96818</postal><country>US</country></cntaddr><cntvoice>808-690-9596</cntvoice><cntemail>dmair@usgs.gov</cntemail></cntinfo></metc><metstdn>Content Standard for Digital Geospatial Metadata</metstdn><metstdv>FGDC-STD-001-1998</metstdv></metainfo><dataIdInfo><envirDesc Sync="TRUE"> Version 6.2 (Build 9200) ; Esri ArcGIS 10.4.1.5686</envirDesc><dataLang><languageCode value="eng" Sync="TRUE"></languageCode><countryCode value="USA" Sync="TRUE"></countryCode></dataLang><idCitation><resTitle Sync="TRUE">Mean_annual_components_Maui_1978_2007_rainfall_2017_land_cover</resTitle><presForm><PresFormCd value="005" Sync="TRUE"></PresFormCd></presForm></idCitation><spatRpType><SpatRepTypCd value="001" Sync="TRUE"></SpatRepTypCd></spatRpType><dataExt><geoEle><GeoBndBox esriExtentType="search"><exTypeCode Sync="TRUE">1</exTypeCode><westBL Sync="TRUE">-156.702355</westBL><eastBL Sync="TRUE">-155.973931</eastBL><northBL Sync="TRUE">21.032682</northBL><southBL Sync="TRUE">20.568016</southBL></GeoBndBox></geoEle></dataExt></dataIdInfo><mdLang><languageCode value="eng" Sync="TRUE"></languageCode><countryCode value="USA" Sync="TRUE"></countryCode></mdLang><Esri><DataProperties><itemProps><itemName Sync="TRUE">Mean_annual_components_Maui_1978_2007_rainfall_2017_land_cover</itemName><imsContentType Sync="TRUE">002</imsContentType><nativeExtBox><westBL Sync="TRUE">739503.208100</westBL><eastBL Sync="TRUE">814560.327600</eastBL><southBL Sync="TRUE">2277251.476100</southBL><northBL Sync="TRUE">2327493.931400</northBL><exTypeCode Sync="TRUE">1</exTypeCode></nativeExtBox><itemSize Sync="TRUE">119.280</itemSize><itemLocation><linkage Sync="TRUE">file://\\igswhdwwgs06\Sections\Projects\EVY02_Maui_Recharge_Pacific_RISA\Recharge\deliverables\data_release\1_SIR_scenarios\3_director_approval\1978_2007_present_day\shapefile\Mean_annual_components_Maui_1978_2007_rainfall_2017_land_cover.shp</linkage><protocol Sync="TRUE">Local Area Network</protocol></itemLocation></itemProps><coordRef><type Sync="TRUE">Projected</type><geogcsn Sync="TRUE">GCS_North_American_1983</geogcsn><csUnits Sync="TRUE">Linear Unit: Meter (1.000000)</csUnits><projcsn Sync="TRUE">NAD_1983_UTM_Zone_4N</projcsn><peXml Sync="TRUE">&lt;ProjectedCoordinateSystem xsi:type='typens:ProjectedCoordinateSystem' xmlns:xsi='http://www.w3.org/2001/XMLSchema-instance' xmlns:xs='http://www.w3.org/2001/XMLSchema' xmlns:typens='http://www.esri.com/schemas/ArcGIS/10.4'&gt;&lt;WKT&gt;PROJCS[&amp;quot;NAD_1983_UTM_Zone_4N&amp;quot;,GEOGCS[&amp;quot;GCS_North_American_1983&amp;quot;,DATUM[&amp;quot;D_North_American_1983&amp;quot;,SPHEROID[&amp;quot;GRS_1980&amp;quot;,6378137.0,298.257222101]],PRIMEM[&amp;quot;Greenwich&amp;quot;,0.0],UNIT[&amp;quot;Degree&amp;quot;,0.0174532925199433]],PROJECTION[&amp;quot;Transverse_Mercator&amp;quot;],PARAMETER[&amp;quot;False_Easting&amp;quot;,500000.0],PARAMETER[&amp;quot;False_Northing&amp;quot;,0.0],PARAMETER[&amp;quot;Central_Meridian&amp;quot;,-159.0],PARAMETER[&amp;quot;Scale_Factor&amp;quot;,0.9996],PARAMETER[&amp;quot;Latitude_Of_Origin&amp;quot;,0.0],UNIT[&amp;quot;Meter&amp;quot;,1.0],AUTHORITY[&amp;quot;EPSG&amp;quot;,26904]]&lt;/WKT&gt;&lt;XOrigin&gt;-5120900&lt;/XOrigin&gt;&lt;YOrigin&gt;-9998100&lt;/YOrigin&gt;&lt;XYScale&gt;450445547.3910538&lt;/XYScale&gt;&lt;ZOrigin&gt;-100000&lt;/ZOrigin&gt;&lt;ZScale&gt;10000&lt;/ZScale&gt;&lt;MOrigin&gt;-100000&lt;/MOrigin&gt;&lt;MScale&gt;10000&lt;/MScale&gt;&lt;XYTolerance&gt;0.001&lt;/XYTolerance&gt;&lt;ZTolerance&gt;0.001&lt;/ZTolerance&gt;&lt;MTolerance&gt;0.001&lt;/MTolerance&gt;&lt;HighPrecision&gt;true&lt;/HighPrecision&gt;&lt;WKID&gt;26904&lt;/WKID&gt;&lt;LatestWKID&gt;26904&lt;/LatestWKID&gt;&lt;/ProjectedCoordinateSystem&gt;</peXml></coordRef></DataProperties><SyncDate>20190626</SyncDate><SyncTime>07493400</SyncTime><ModDate>20190626</ModDate><ModTime>07493400</ModTime></Esri><distInfo><distFormat><formatName Sync="TRUE">Shapefile</formatName></distFormat><distTranOps><transSize Sync="TRUE">119.280</transSize></distTranOps></distInfo><mdHrLv><ScopeCd value="005" Sync="TRUE"></ScopeCd></mdHrLv><mdHrLvName Sync="TRUE">dataset</mdHrLvName><refSysInfo><RefSystem><refSysID><identCode code="26904" Sync="TRUE"></identCode><idCodeSpace Sync="TRUE">EPSG</idCodeSpace><idVersion Sync="TRUE">6.13(3.0.1)</idVersion></refSysID></RefSystem></refSysInfo><spatRepInfo><VectSpatRep><geometObjs Name="Mean_annual_components_Maui_1978_2007_rainfall_2017_land_cover"><geoObjTyp><GeoObjTypCd value="002" Sync="TRUE"></GeoObjTypCd></geoObjTyp><geoObjCnt Sync="TRUE">505294</geoObjCnt></geometObjs><topLvl><TopoLevCd value="001" Sync="TRUE"></TopoLevCd></topLvl></VectSpatRep></spatRepInfo><spdoinfo><ptvctinf><esriterm Name="Mean_annual_components_Maui_1978_2007_rainfall_2017_land_cover"><efeatyp Sync="TRUE">Simple</efeatyp><efeageom code="4" Sync="TRUE"></efeageom><esritopo Sync="TRUE">FALSE</esritopo><efeacnt Sync="TRUE">505294</efeacnt><spindex Sync="TRUE">FALSE</spindex><linrefer Sync="TRUE">FALSE</linrefer></esriterm></ptvctinf></spdoinfo><mdDateSt Sync="TRUE">20190626</mdDateSt></metadata>
