<metadata><idinfo><citation><citeinfo><origin>Alan Mair</origin><pubdate>2019</pubdate><title>Mean annual water-budget components for the Island of Maui, Hawaii, for projected climate conditions, CMIP5 RCP8.5 2071-99 scenario rainfall and 2017 land cover</title><geoform>Vector Digital Data</geoform><pubinfo><pubplace>Reston, Virginia</pubplace><publish>U.S. Geological Survey</publish></pubinfo><onlink>https://doi.org/10.5066/P98W9ABX</onlink><lworkcit><citeinfo><origin>Alan Mair</origin><origin>Adam G. Johnson</origin><origin>Kolja Rotzoll</origin><origin>Delwyn S. Oki</origin><pubdate>2019</pubdate><title>Estimated Groundwater Recharge from a Water-Budget Model Incorporating Selected Climate Projections, Island of Maui, Hawaii</title><geoform>Publication</geoform><pubinfo><pubplace>Reston, Virginia</pubplace><publish>U.S. Geological Survey</publish></pubinfo><onlink>https://doi.org/10.3133/sir20195064</onlink></citeinfo></lworkcit></citeinfo></citation><descript><abstract>This shapefile represents the spatial distribution of mean annual water-budget components, in inches, for the Island of Maui, Hawaii for a projected climate condition representative of phase 5 of the Coupled Model Intercomparison Project (CMIP5) Representative Concentration Pathway 8.5 (RCP8.5) 2071-99 scenario rainfall and 2017 land cover, as described in USGS SIR 2019-5064. The water-budget components for each model subarea were computed for the future climate condition using a water-budget model developed by Johnson and others (2018). The 2017 land-cover map developed by Mair (2018) was used to define the land-cover conditions and the model subareas. The shapefile attribute information associated with each subarea (or polygon) present an estimate of mean annual rainfall, fog interception, irrigation, septic system leachate, seepage from reservoirs and cesspools, runoff, canopy evaporation, total evapotranspiration, and total recharge. This shapefile also includes select geographic and land-cover attributes of the model subareas. Brief descriptions of the water-budget components and attributes are included in this metadata file. Refer to USGS SIR 2019-5064 for further details of the methods and sources used to determine these components and attributes.</abstract><purpose>The water-budget components in this shapefile were determined as part of a study to estimate the spatial distribution of groundwater recharge on the Island of Maui, Hawaii, for a set of present-day and future climate conditions, and 2017 land cover, as described in USGS SIR 2019-5064. The recharge estimates may be used in numerical groundwater models that can evaluate the effects of groundwater withdrawals on groundwater levels, streamflow, coastal discharge, and salinities in public and private wells on Maui.</purpose></descript><timeperd><timeinfo><rngdates><begdate>2017</begdate><enddate>2099</enddate></rngdates></timeinfo><current>Land-cover condition in 2017 and projected rainfall during 2071-99</current></timeperd><status><progress>Complete</progress><update>None planned</update></status><spdom><bounding><westbc>-156.702355317</westbc><eastbc>-155.97393106</eastbc><northbc>21.032681547</northbc><southbc>20.56801608</southbc></bounding></spdom><keywords><theme><themekt>USGS Thesaurus</themekt><themekey>groundwater</themekey><themekey>precipitation (atmospheric)</themekey><themekey>irrigation</themekey><themekey>water budget</themekey><themekey>runoff</themekey><themekey>water cycle</themekey><themekey>effects of climate change</themekey></theme><theme><themekt>ISO 19115 Topic Categories</themekt><themekey>inlandWaters</themekey></theme><theme><themekt>None</themekt><themekey>water-budget model</themekey><themekey>fog interception</themekey><themekey>septic-system leachate</themekey><themekey>reservoir seepage</themekey><themekey>cesspool seepage</themekey><themekey>canopy evaporation</themekey><themekey>net precipitation</themekey><themekey>total evapotranspiration</themekey><themekey>direct recharge</themekey><themekey>recharge</themekey></theme><place><placekt>CommonGeographicAreas</placekt><placekey>Maui</placekey><placekey>Hawaii</placekey><placekey>Pacific Islands</placekey></place></keywords><accconst>none</accconst><useconst>none</useconst><ptcontac><cntinfo><cntperp><cntper>Alan Mair</cntper><cntorg>PACIFIC REGION: PACIFIC ISLANDS WATER SCI CTR</cntorg></cntperp><cntpos>Hydrologist</cntpos><cntaddr><addrtype>mailing and physical</addrtype><address>1845 Wasp Boulevard, Bld 176</address><city>Honolulu</city><state>HI</state><postal>96818</postal><country>US</country></cntaddr><cntvoice>808-690-9596</cntvoice><cntemail>dmair@usgs.gov</cntemail></cntinfo></ptcontac><browse><browsen>To be determined</browsen><browsed>Mean annual recharge map</browsed><browset>PNG</browset></browse><datacred>County of Maui Department of Water Supply; Pacific Regional Integrated Sciences and Assessments Program</datacred></idinfo><dataqual><attracc><attraccr>No formal attribute accuracy tests were conducted</attraccr></attracc><logic>No formal logical accuracy tests were conducted</logic><complete>Data set is considered complete for the information presented, as described in the abstract. Users are advised to read the rest of the metadata record carefully for additional details.</complete><posacc><horizpa><horizpar>No formal positional accuracy tests were conducted</horizpar></horizpa><vertacc><vertaccr>No formal positional accuracy tests were conducted</vertaccr></vertacc></posacc><lineage><srcinfo><srccite><citeinfo><origin>Johnson, A.G., Engott, J.A., Bassiouni, Maoya, and Rotzoll, Kolja</origin><pubdate>2018</pubdate><title>Spatially distributed groundwater recharge estimated using a water-budget model for the Island of Maui, Hawai`i, 1978–2007 (ver. 2.0, February 2018)</title><geoform>Publication</geoform><pubinfo><pubplace>Reston, Virginia</pubplace><publish>U.S. Geological Survey</publish></pubinfo><onlink>https://doi.org/10.3133/sir20145168</onlink></citeinfo></srccite><typesrc>Digital and/or Hardcopy Resources</typesrc><srctime><timeinfo><rngdates><begdate>19780101</begdate><enddate>20101231</enddate></rngdates></timeinfo><srccurr>publication date</srccurr></srctime><srccitea>Johnson and others (2018)</srccitea><srccontr>Water-budget model used to estimate groundwater recharge and other water-budget components</srccontr></srcinfo><srcinfo><srccite><citeinfo><origin>Mair, Alan</origin><pubdate>2018</pubdate><title>Land-Cover Map for the Island of Maui, Hawaii, 2017 (version 1.2, November 2018)</title><geoform>Vector Digital Data</geoform><pubinfo><pubplace>Reston, Virginia</pubplace><publish>U.S. Geological Survey</publish></pubinfo><onlink>https://doi.org/10.5066/F7DF6PPB</onlink></citeinfo></srccite><typesrc>Digital and/or Hardcopy Resources</typesrc><srctime><timeinfo><rngdates><begdate>20080101</begdate><enddate>20170101</enddate></rngdates></timeinfo><srccurr>publication date</srccurr></srctime><srccitea>Mair (2018)</srccitea><srccontr>Base map used to define water-budget model subareas and 2017 land-cover conditions</srccontr></srcinfo><srcinfo><srccite><citeinfo><origin>State of Hawaii</origin><pubdate>2010</pubdate><title>Aquifers (DLNR version)</title><geoform>Vector Digital Data</geoform><pubinfo><pubplace>Honolulu, Hawaii</pubplace><publish>State of Hawaii, Department of Land and Natural Resources</publish></pubinfo><onlink>http://planning.hawaii.gov/gis/download-gis-data/</onlink></citeinfo></srccite><typesrc>Digital and/or Hardcopy Resources</typesrc><srctime><timeinfo><rngdates><begdate>20100101</begdate><enddate>20101231</enddate></rngdates></timeinfo><srccurr>publication date</srccurr></srctime><srccitea>State of Hawaii (2010)</srccitea><srccontr>Source used to delineate the boundaries of aquifer systems</srccontr></srcinfo><srcinfo><srccite><citeinfo><origin>Elison Timm, O., Giambelluca, T.W., and Diaz, H.F.</origin><pubdate>2015</pubdate><title>Statistical downscaling of rainfall changes in Hawai‘i based on the CMIP5 global model projections</title><geoform>Raster Digital Data</geoform><pubinfo><pubplace>Hoboken, New Jersey</pubplace><publish>Journal of Geophysical Research: Atmospheres</publish></pubinfo><onlink>http://www.atmos.albany.edu/facstaff/timm/products_data.html</onlink></citeinfo></srccite><typesrc>Digital and/or Hardcopy Resources</typesrc><srctime><timeinfo><rngdates><begdate>20710101</begdate><enddate>20991231</enddate></rngdates></timeinfo><srccurr>publication date</srccurr></srctime><srccitea>Elison Timm and others (2015)</srccitea><srccontr>Source used to develop the inputs of future rainfall for the water-budget model simulation</srccontr></srcinfo><procstep><procdesc>The land-cover map developed by Mair (2018) was used to define the subareas of the water-budget model simulation and the 2017 land-cover conditions associated with each subarea. The high-resolution downscaled rainfall projections by Elison Timm and others (2015) were used to develop inputs representative of CMIP5 RCP8.5 2071-99 scenario rainfall for the water-budget model simulation. The water-budget model developed by Johnson and others (2018) was used to estimate mean annual groundwater recharge and other water-budget components for each subarea. Refer to USGS SIR 2019-5064 for further details of the methods and sources used to determine these components and attributes.</procdesc><procdate>20181031</procdate></procstep></lineage></dataqual><spref><horizsys><planar><gridsys><gridsysn>Universal Transverse Mercator</gridsysn><utm><utmzone>4</utmzone><transmer><sfctrmer>0.9996</sfctrmer><longcm>-159.0</longcm><latprjo>0.0</latprjo><feast>500000.0</feast><fnorth>0.0</fnorth></transmer></utm></gridsys><planci><plance>coordinate pair</plance><coordrep><absres>0.6096</absres><ordres>0.6096</ordres></coordrep><plandu>METERS</plandu></planci></planar><geodetic><horizdn>D_North_American_1983</horizdn><ellips>GRS_1980</ellips><semiaxis>6378137.0</semiaxis><denflat>298.257222101</denflat></geodetic></horizsys></spref><eainfo><detailed><enttyp><enttypl>Attribute Table</enttypl><enttypd>Table containing attribute information associated with the data set</enttypd><enttypds>Producer defined</enttypds></enttyp><attr><attrlabl>POLYGON_ID</attrlabl><attrdef>Unique identification number of each water-budget subarea.</attrdef><attrdefs>Producer defined</attrdefs><attrdomv><rdom><rdommin>1</rdommin><rdommax>505294</rdommax><attrunit>Integer</attrunit></rdom></attrdomv></attr><attr><attrlabl>AREA_SQ_M</attrlabl><attrdef>Area, in square meters.</attrdef><attrdefs>Producer defined</attrdefs><attrdomv><rdom><rdommin>0.000006</rdommin><rdommax>58534.359793</rdommax><attrunit>square meters</attrunit></rdom></attrdomv></attr><attr><attrlabl>ilu2017</attrlabl><attrdef>Identification number of land-cover name</attrdef><attrdefs>Mair (2018)</attrdefs><attrdomv><udom>Identification number of land-cover name as defined by Mair (2018) and described in the LC_2017 attribute.</udom></attrdomv></attr><attr><attrlabl>LC_2017</attrlabl><attrdef>Name of land cover or vegetation, 2017</attrdef><attrdefs>Mair (2018)</attrdefs><attrdomv><udom>Name of the land cover or vegetation, 2017 as defined by Mair (2018).</udom></attrdomv></attr><attr><attrlabl>Aqfr_Name</attrlabl><attrdef>Name of the aquifer system</attrdef><attrdefs>State of Hawaii (2010)</attrdefs><attrdomv><udom>Name of the aquifer system, as defined by the State of Hawaii Commission on Water Resource Management (State of Hawaii, 2010).</udom></attrdomv></attr><attr><attrlabl>Aqfr_Code</attrlabl><attrdef>Identification number of aquifer system.</attrdef><attrdefs>State of Hawaii (2010)</attrdefs><attrdomv><udom>Identification number of aquifer system as defined by State of Hawaii (2010) and described in the Aqfr_Name attribute.</udom></attrdomv></attr><attr><attrlabl>Rain</attrlabl><attrdef>Mean annual rainfall, in inches, representative of CMIP5 RCP8.5 2071-99 scenario rainfall.</attrdef><attrdefs>Values were computed in the water-budget model on the basis of future rainfall projections from Elison Timm and others (2015). Refer to USGS SIR 2019-5064 for further information regarding the methods and sources used to compute rainfall.</attrdefs><attrdomv><rdom><rdommin>1.952</rdommin><rdommax>397.779</rdommax><attrunit>inches</attrunit></rdom></attrdomv></attr><attr><attrlabl>Fog</attrlabl><attrdef>Mean annual fog interception, in inches</attrdef><attrdefs>Producer defined</attrdefs><attrdomv><rdom><rdommin>0</rdommin><rdommax>33.571</rdommax><attrunit>inches</attrunit></rdom></attrdomv></attr><attr><attrlabl>Irr</attrlabl><attrdef>Mean annual irrigation, in inches. For subareas with irrigated land covers other than taro, irrigation was estimated using a demand-based approach, as described in the "Irrigation" section of SIR 2019-5064. For subareas with taro land cover, annual irrigation was set at 455 inches.</attrdef><attrdefs>Producer defined</attrdefs><attrdomv><rdom><rdommin>0</rdommin><rdommax>455.000</rdommax><attrunit>inches</attrunit></rdom></attrdomv></attr><attr><attrlabl>Dir_RC</attrlabl><attrdef>Mean annual direct recharge, in inches. Direct recharge includes water seepage from cesspools, reservoirs, and water bodies. The source of direct recharge for a given subarea may be from external sources, including groundwater and imported streamflow.</attrdef><attrdefs>Producer defined and based on rates of wastewater-effluent discharge to parcels with on-site-disposal systems. Refer to USGS SIR 2019-5064 for further information regarding the methods and sources used to determine direct recharge.</attrdefs><attrdomv><rdom><rdommin>0</rdommin><rdommax>1268.000</rdommax><attrunit>inches</attrunit></rdom></attrdomv></attr><attr><attrlabl>Runoff</attrlabl><attrdef>Mean annual direct runoff, in inches, excluding water allocated from estimates of water captured by storm-drain systems (SDrain). Values are the same as those in the "Total Roff" column for most subareas.</attrdef><attrdefs>Producer defined</attrdefs><attrdomv><rdom><rdommin>0</rdommin><rdommax>238.870</rdommax><attrunit>inches</attrunit></rdom></attrdomv></attr><attr><attrlabl>AE</attrlabl><attrdef>Mean annual evapotranspiration, in inches. For subareas with nonforest land cover, (which excludes subareas with alien forest, native forest, and tree plantation land covers), AE represents total evapotranspiration, or the sum of ground evaporation, transpiration, and canopy evaporation. For subareas with forest land cover (which consists of subareas with alien forest, native forest, and tree plantation land covers), AE represents the sum of ground evaporation and transpiration from the plant-root-zone reservoir but excludes canopy evaporation.</attrdef><attrdefs>Producer defined</attrdefs><attrdomv><rdom><rdommin>0.702</rdommin><rdommax>128.478</rdommax><attrunit>inches</attrunit></rdom></attrdomv></attr><attr><attrlabl>Rech</attrlabl><attrdef>Mean annual recharge, in inches, excluding water allocated from estimates of water captured by storm-drain systems (SDrain). Values are the same as those in the "Total_Rech" column for most subareas.</attrdef><attrdefs>Producer defined</attrdefs><attrdomv><rdom><rdommin>0</rdommin><rdommax>2009.470</rdommax><attrunit>inches</attrunit></rdom></attrdomv></attr><attr><attrlabl>PNet</attrlabl><attrdef>Mean annual net precipitation, in inches, to the plant-root zone reservoir. This value equals rainfall plus fog interception minus canopy evaporation.</attrdef><attrdefs>Producer defined</attrdefs><attrdomv><rdom><rdommin>0.446</rdommin><rdommax>409.735</rdommax><attrunit>inches</attrunit></rdom></attrdomv></attr><attr><attrlabl>Can_Int</attrlabl><attrdef>Mean annual canopy evaporation, in inches. Canopy evaporation was computed by the water-budget model for subareas with forest land cover, but not for subareas with nonforest land cover. For subareas with nonforest land cover, canopy evaporation is zero.</attrdef><attrdefs>Producer defined</attrdefs><attrdomv><rdom><rdommin>0</rdommin><rdommax>33.373</rdommax><attrunit>inches</attrunit></rdom></attrdomv></attr><attr><attrlabl>Septic</attrlabl><attrdef>Mean annual septic-system leachate, in inches.</attrdef><attrdefs>Values were computed in the water-budget model on the basis of rates of wastewater-effluent discharge to parcels with on-site-disposal systems. Refer to USGS SIR 2019-5064 for further information regarding the methods and sources used to determine septic-system leachate.</attrdefs><attrdomv><rdom><rdommin>0</rdommin><rdommax>2008.486</rdommax><attrunit>inches</attrunit></rdom></attrdomv></attr><attr><attrlabl>SDrain</attrlabl><attrdef>Mean annual storm-drain capture, in inches. Water capture by storm-drain systems.</attrdef><attrdefs>Producer defined</attrdefs><attrdomv><rdom><rdommin>0</rdommin><rdommax>73.295</rdommax><attrunit>inches</attrunit></rdom></attrdomv></attr><attr><attrlabl>Total_Rech</attrlabl><attrdef>Mean annual recharge, in inches, including water allocated from estimates of water captured by storm-drain systems (SDrain) as described in SIR 2019-5064. Recharge was set to constant rates for subareas with land cover of water body (0 in/yr) and reservoir (528 or 1,268 in/yr, depending on location). For subareas with taro land cover, recharge equals 455 in/yr plus direct recharge from cesspools. For the remaining subareas, recharge was calculated as described in SIR 2019-5064, and for some subareas, may include additional water allocated from SDrain. Mean annual values for water inflows (PNet + Irr + Septic) to the plant-root zone (which includes the soil) may not equal water outflows (Total_Roff + AE + Recharge exclusive of Dir_RC) because of changes in soil-moisture storage and because of rounding and averaging of the model results.</attrdef><attrdefs>Producer defined</attrdefs><attrdomv><rdom><rdommin>0</rdommin><rdommax>2009.470</rdommax><attrunit>inches</attrunit></rdom></attrdomv></attr><attr><attrlabl>Total_Roff</attrlabl><attrdef>Mean annual direct runoff, in inches. For some subareas, runoff values include water allocated from estimates of water captured by storm-drain systems (SDrain), as described in SIR 2019-5064.</attrdef><attrdefs>Producer defined</attrdefs><attrdomv><rdom><rdommin>0</rdommin><rdommax>238.870</rdommax><attrunit>inches</attrunit></rdom></attrdomv></attr><attr><attrlabl>Total_ET</attrlabl><attrdef>Mean annual total evapotranspiration, in inches. Total evapotranspiration is the sum of ground evaporation, transpiration, and canopy evaporation. Values in this column equal the sum of the values in the "AE" and "Can_Int" columns.</attrdef><attrdefs>Producer defined</attrdefs><attrdomv><rdom><rdommin>1.598</rdommin><rdommax>128.478</rdommax><attrunit>inches</attrunit></rdom></attrdomv></attr><attr><attrlabl>Total_Prec</attrlabl><attrdef>Mean annual total precipitation, in inches. Total precipitation is the sum of rain and cloud-water interception (or fog drip). Values in this column equal the sum of the values in the "Rain" and "Fog" columns.</attrdef><attrdefs>Producer defined</attrdefs><attrdomv><rdom><rdommin>1.952</rdommin><rdommax>427.539</rdommax><attrunit>inches</attrunit></rdom></attrdomv></attr></detailed></eainfo><distinfo><distrib><cntinfo><cntperp><cntper>U.S. Geological Survey - ScienceBase</cntper><cntorg>U.S. Geological Survey - ScienceBase</cntorg></cntperp><cntaddr><addrtype>mailing and physical</addrtype><address>Denver Federal Center, Building 810, Mail Stop 302</address><city>Denver</city><state>UNITED STATES</state><postal>80225</postal><country>CO</country></cntaddr><cntvoice>1-888-275-8747</cntvoice><cntemail>sciencebase@usgs.gov</cntemail></cntinfo></distrib><distliab>Unless otherwise stated, all data, metadata and related materials are considered to satisfy the quality standards relative to the purpose for which the data were collected. Although these data and associated metadata have been reviewed for accuracy and completeness and approved for release by the U.S. Geological Survey (USGS), no warranty expressed or implied is made regarding the display or utility of the data for other purposes, nor on all computer systems, nor shall the act of distribution constitute any such warranty.</distliab><stdorder><digform><digtinfo><formname>SHP</formname><formvern>ArcGIS 10.4.1</formvern><formspec>ESRI Polygon Shapefile</formspec></digtinfo><digtopt><onlinopt><computer><networka><networkr>To be determined</networkr></networka></computer></onlinopt></digtopt></digform><fees>None</fees></stdorder></distinfo><metainfo><metd>20190613</metd><metc><cntinfo><cntperp><cntper>Alan Mair</cntper><cntorg>PACIFIC REGION: PACIFIC ISLANDS WATER SCI CTR</cntorg></cntperp><cntpos>Hydrologist</cntpos><cntaddr><addrtype>mailing and physical</addrtype><address>1845 Wasp Boulevard, Bld 176</address><city>Honolulu</city><state>HI</state><postal>96818</postal><country>US</country></cntaddr><cntvoice>808-690-9596</cntvoice><cntemail>dmair@usgs.gov</cntemail></cntinfo></metc><metstdn>Content Standard for Digital Geospatial Metadata</metstdn><metstdv>FGDC-STD-001-1998</metstdv></metainfo></metadata>