<?xml version="1.0" encoding="UTF-8"?>
<metadata xml:lang="en"><Esri><CreaDate>20181022</CreaDate><CreaTime>14000800</CreaTime><ArcGISFormat>1.0</ArcGISFormat><SyncOnce>TRUE</SyncOnce><DataProperties><lineage><Process ToolSource="c:\program files (x86)\arcgis\desktop10.2\ArcToolbox\Toolboxes\Data Management Tools.tbx\CalculateField" Date="20181022" Time="114336">CalculateField Maui_future_land_cover_scenarios_v1-1u iluF1 [iluF1_1] VB #</Process><Process ToolSource="c:\program files (x86)\arcgis\desktop10.2\ArcToolbox\Toolboxes\Data Management Tools.tbx\CalculateField" Date="20181022" Time="114508">CalculateField Maui_future_land_cover_scenarios_v1-1u LC_F1 [LC_F1_1] VB #</Process><Process ToolSource="c:\program files (x86)\arcgis\desktop10.2\ArcToolbox\Toolboxes\Data Management Tools.tbx\CalculateField" Date="20181022" Time="114620">CalculateField Maui_future_land_cover_scenarios_v1-1u iluF2 [iluF2_1] VB #</Process><Process ToolSource="c:\program files (x86)\arcgis\desktop10.2\ArcToolbox\Toolboxes\Data Management Tools.tbx\CalculateField" Date="20181022" Time="114836">CalculateField Maui_future_land_cover_scenarios_v1-1u LC_F2 [LC_F2_1] VB #</Process><Process ToolSource="c:\program files (x86)\arcgis\desktop10.2\ArcToolbox\Toolboxes\Data Management Tools.tbx\CalculateField" Date="20181022" Time="132552">CalculateField Maui_future_land_cover_scenarios_v1-1u LC_F3 [LC_F3_1] VB #</Process><Process ToolSource="c:\program files (x86)\arcgis\desktop10.2\ArcToolbox\Toolboxes\Data Management Tools.tbx\CalculateField" Date="20181022" Time="132752">CalculateField Maui_future_land_cover_scenarios_v1-1u iluF3 [iluF3_1] VB #</Process><Process ToolSource="c:\program files (x86)\arcgis\desktop10.2\ArcToolbox\Toolboxes\Data Management Tools.tbx\CalculateField" Date="20181022" Time="132918">CalculateField Maui_future_land_cover_scenarios_v1-1u iluF4 [iluF4_1] VB #</Process><Process ToolSource="c:\program files (x86)\arcgis\desktop10.2\ArcToolbox\Toolboxes\Data Management Tools.tbx\CalculateField" Date="20181022" Time="133421">CalculateField Maui_future_land_cover_scenarios_v1-1u LC_F4 [LC_F4_1] VB #</Process></lineage></DataProperties></Esri></metadata>
