<metadata><idinfo><citation><citeinfo><origin>Alan Mair</origin><pubdate>2018</pubdate><title>Land-Cover Map for the Island of Maui, Hawaii, 2017 (version 1.2, November 2018)</title><geoform>Vector Digital Data Set (Polygon)</geoform><pubinfo><pubplace>Reston, Virginia</pubplace><publish>U.S. Geological Survey</publish></pubinfo><onlink>https://doi.org/10.5066/F7DF6PPB</onlink></citeinfo></citation><descript><abstract>This dataset describes land cover and vegetation for the island of Maui, Hawaii, 2017, hereinafter the 2017 land-cover map. The 2017 land-cover map is a modified version of the 2010 land-cover map included in the geospatial dataset titled "Mean annual water-budget components for the Island of Maui, Hawaii, for average climate conditions, 1978-2007 rainfall and 2010 land cover (version 2.0)" by Johnson (2017). The 2010 land-cover map was generated by intersecting (merging) multiple spatial datasets that characterize the spatial distribution of rainfall, cloud-water (or fog) interception, irrigation, reference evapotranspiration, direct runoff, soil type, and land cover. Land-cover designations in the 2010 land-cover map were derived mainly from the U.S. Geological Survey LANDFIRE Existing Vegetation Type map (LANDFIRE.HI_110EVT, Refresh 2008) for the island of Maui. The 2017 land-cover map retains the merged structure of the 2010 land-cover map but includes modifications mainly related to agricultural land use since the release of the 2010 land-cover map. Modifications to the 2010 land-cover map included updating the land cover and vegetation designations, and the polygon boundaries in the 2010 land-cover map to reflect (1) the cessation of sugarcane cultivation by Hawaiian Commercial &amp; Sugar Company in December 2016, and (2) the agricultural land-use information described in the Statewide Agricultural Land Use Baseline 2015 map by Melrose and others (2016). These modifications affected about 10 percent of the total area in the 2010 land-cover map. The 2017 land-cover map also distinguishes between (1) forested areas that are within the fog-interception zone, assumed to be at elevations of 2,000 feet and higher on Maui, and (2) forested areas that are below the fog-interception zone. The same distinction was included in the analysis of Johnson and others (2018) and in the spatial structure of the 2010 land-cover map, but was omitted from the land-cover names in the attribute table of the 2010 land-cover map.</abstract><purpose>This dataset was developed for use in a water-budget model that estimates groundwater recharge, fog drip, irrigation, evapotranspiration, and runoff.</purpose><supplinf>Version History 1.1 - The process to create version 1.0 of the 2017 land-cover map was modified for version 1.1. In version 1.0, the multi-part to single-part polygon conversion step was applied before the assignment of 2017 land-cover conditions and before the merging of small polygons (less than 0.1 acre in area) with adjacent large polygons. In version 1.1, the multi-part to single-part polygon conversion step was applied after the assignment of 2017 land-cover conditions and after the merging of small polygons with adjacent large polygons. This modification was done to eliminate unintended changes to land-cover conditions assigned to small polygons. In version 1.1, the land-cover conditions in the 2010 land-cover map (Johnson, 2017) were retained for small polygons, except where changes in assigned land-cover conditions were intended.

Version History 1.2 - The process for delineating the fog-interception zone for version 1.1 of the 2017 land-cover map was amended for version 1.2. In version 1.1, areas at elevations of 2,000 feet and greater were assumed to be in the fog-interception zone. Polygons representing areas with an elevation equal to or greater than 2,000 feet, the base of the fog-interception zone, with "Alien forest," "Native forest," and "Tree plantation" land-cover classifications were reassigned as "Alien forest, fog," Native forest, fog," and "Tree plantation, fog," respectively. Polygons representing areas below an elevation of 2,000 feet, with "Alien forest," "Native forest," and "Tree plantation" land-cover classifications were reassigned as "Alien forest, no fog," Native forest, no fog," and "Tree plantation, no fog," respectively. Johnson and others (2018) used the same elevation-based approach to delineate the fog-interception zone but excluded from the fog-interception zone a few small (less than 1 acre), scattered land pinnacles between elevations of 2,000 and 2,100 feet on west Maui. Consequently, in version 1.1 of the 2017 land-cover map, 15 of the roughly 68,000 polygons that were assigned one of the fog and forest land-cover designations were not actually in the fog-interception zone delineated by Johnson and others (2018). In version 1.2 of the 2017 land-cover map, all “fog” and “no fog” designations were assigned to be consistent with the fog-interception zone used by Johnson and others (2018).</supplinf></descript><timeperd><timeinfo><rngdates><begdate>20080101</begdate><enddate>20170101</enddate></rngdates></timeinfo><current>publication date</current></timeperd><status><progress>Complete</progress><update>None planned</update></status><spdom><bounding><westbc>-156.702355317</westbc><eastbc>-155.97393106</eastbc><northbc>21.032681547</northbc><southbc>20.56801608</southbc></bounding></spdom><keywords><theme><themekt>USGS Thesaurus</themekt><themekey>land use and land cover</themekey></theme><theme><themekt>ISO 19115 Topic Category</themekt><themekey>imageryBaseMapsEarthCover</themekey></theme><theme><themekt>USGS information products</themekt><themekey>Land Use and Land Cover Map</themekey></theme><place><placekt>None</placekt><placekey>Hawaii</placekey><placekey>Maui</placekey><placekey>Pacific islands</placekey></place></keywords><accconst>None.</accconst><useconst>Users are advised to read the dataset's metadata thoroughly to understand appropriate use and data limitations. The land-cover attributes of this dataset were developed solely for the island of Maui. The dataset is not intended to be used for any purposes other than as input to a water-budget model.</useconst><ptcontac><cntinfo><cntperp><cntper>Alan Mair</cntper><cntorg>U.S. Geological Survey, Pacific Islands Water Science Center</cntorg></cntperp><cntaddr><addrtype>mailing and physical</addrtype><address>1845 Wasp Blvd, Bldg 176</address><city>Honolulu</city><state>HI</state><postal>96818</postal><country>US</country></cntaddr><cntvoice>808-690-9596</cntvoice><cntemail>dmair@usgs.gov</cntemail></cntinfo></ptcontac><browse><browsen>https://www.sciencebase.gov/catalog/file/get/5a0248cce4b0531197b73178?name=Maui_land_cover_map_2017_v1.2_Graphic.png&amp;&amp;allowOpen=true</browsen><browsed>Thumbnail image of the 2017 Maui land-cover map</browsed><browset>PNG</browset></browse><datacred>Pacific Regional Integrated Sciences and Assessments Program (Pacific RISA); Water Resources Research Center, University of Hawaii at Manoa; County of Maui Department of Water Supply; State of Hawaii Commission on Water Resource Management</datacred><native>Environment as of Metadata Creation: Microsoft Windows 7 Version 6.1 (Build 7601) Service Pack 1; Esri ArcGIS 10.4.1 (Build 5686) Service Pack N/A (Build N/A)</native></idinfo><dataqual><attracc><attraccr>No formal attribute accuracy tests were conducted.</attraccr></attracc><logic>No spatial overlaps were found in the shapefile associated with this metadata file.</logic><complete>Data set is considered complete for the information presented, as described in the abstract. Users are advised to read the rest of the metadata file carefully for additional details.</complete><posacc><horizpa><horizpar>A formal accuracy assessment of the horizontal positional information in the data set has not been conducted. The horizontal accuracy of the polygons of this data set is a function of the horizontal accuracies of all other data sets used to create this data set. The horizontal accuracy of each of the other data sets, however, typically was not quantified. Therefore, the horizontal accuracy of this dataset cannot be quantified. See the "Process Steps" section of this metadata file for a list of the other data sets that were used to define the geometry of the polygons in this data set.</horizpar></horizpa><vertacc><vertaccr>A formal accuracy assessment of the vertical positional information in the data set is not applicable.</vertaccr></vertacc></posacc><lineage><srcinfo><srccite><citeinfo><origin>Melrose, Jeffrey; Perroy, Ryan; Cares, Sylvana; and the Spatial Data Analysis and Visualization Lab at the University of Hawaii at Hilo</origin><pubdate>20161230</pubdate><title>Statewide Agricultural Land Use Baseline 2015</title><geoform>Vector Digital Data Set</geoform><pubinfo><pubplace>Honolulu, Hawaii</pubplace><publish>State of Hawaii</publish></pubinfo><onlink>http://planning.hawaii.gov/gis/download-gis-data/</onlink></citeinfo></srccite><typesrc>Digital and/or Hardcopy Resources</typesrc><srctime><timeinfo><rngdates><begdate>20110101</begdate><enddate>20151231</enddate></rngdates></timeinfo><srccurr>ground condition</srccurr></srctime><srccitea>2015 agriculture map</srccitea><srccontr>Source information used to define agricultural land covers.</srccontr></srcinfo><srcinfo><srccite><citeinfo><origin>State of Hawaii, Office of Planning</origin><pubdate>19970601</pubdate><title>Elevation Contours (100 Foot Intervals)</title><geoform>Vector Digital Data Set</geoform><pubinfo><pubplace>Honolulu, Hawaii</pubplace><publish>State of Hawaii, Office of Planning</publish></pubinfo><onlink>http://planning.hawaii.gov/gis/download-gis-data/</onlink></citeinfo></srccite><typesrc>Digital and/or Hardcopy Resources</typesrc><srctime><timeinfo><rngdates><begdate>19970601</begdate><enddate>19970602</enddate></rngdates></timeinfo><srccurr>publication date</srccurr></srctime><srccitea>100-ft contour map</srccitea><srccontr>Source information used to define the base of the fog-interception zone, assumed to be at elevations of 2,000 feet and higher on Maui.</srccontr></srcinfo><srcinfo><srccite><citeinfo><origin>Johnson, Adam G.</origin><pubdate>20171201</pubdate><title>Mean annual water-budget components for the Island of Maui, Hawaii, for average climate conditions, 1978-2007 rainfall and 2010 land cover (version 2.0)</title><geoform>Vector Digital Data Set</geoform><pubinfo><pubplace>Reston, Virginia</pubplace><publish>U.S. Geological Survey</publish></pubinfo><onlink>https://doi.org/10.5066/F7K64H14</onlink></citeinfo></srccite><typesrc>Digital and/or Hardcopy Resources</typesrc><srctime><timeinfo><rngdates><begdate>19780101</begdate><enddate>20101231</enddate></rngdates></timeinfo><srccurr>publication date</srccurr></srctime><srccitea>2010 land-cover map</srccitea><srccontr>Source information used in support of the development of the dataset</srccontr></srcinfo><srcinfo><srccite><citeinfo><origin>Johnson, A.G., Engott, J.A., and Bassiouni, Maoya</origin><pubdate>2018</pubdate><title>Spatially distributed groundwater recharge estimated using a water-budget model for the island of Maui, Hawai'i, 1978-2007 (ver 2.0, February 2018)</title><geoform>Other</geoform><pubinfo><pubplace>Reston, Virginia</pubplace><publish>U.S. Geological Survey Scientific Investigations Report 2014-5168</publish></pubinfo><onlink>https://doi.org/10.3133/sir20145168</onlink></citeinfo></srccite><typesrc>Digital and/or Hardcopy Resources</typesrc><srctime><timeinfo><rngdates><begdate>19780101</begdate><enddate>20071231</enddate></rngdates></timeinfo><srccurr>publication date</srccurr></srctime><srccitea>2018 recharge report</srccitea><srccontr>Source information used in support of the development of the data set.</srccontr></srcinfo><srcinfo><srccite><citeinfo><origin>State of Hawaii Department of Land and Natural Resources</origin><pubdate>20100701</pubdate><title>Aquifers (DLNR)</title><geoform>Vector Digital Data Set</geoform><pubinfo><pubplace>Honolulu, Hawaii</pubplace><publish>State of Hawaii Department of Land and Natural Resources</publish></pubinfo><onlink>http://planning.hawaii.gov/gis/download-gis-data/</onlink></citeinfo></srccite><typesrc>Digital and/or Hardcopy Resources</typesrc><srctime><timeinfo><rngdates><begdate>19950101</begdate><enddate>20101231</enddate></rngdates></timeinfo><srccurr>publication date</srccurr></srctime><srccitea>aquifer-system map</srccitea><srccontr>Source information used in support of the development of the data set.</srccontr></srcinfo><srcinfo><srccite><citeinfo><origin>U.S. Department of Agriculture, National Agricultural Statistics Service (USDA-NASS)</origin><pubdate>20160805</pubdate><title>Pacific Region - Hawaii Seed Crops</title><geoform>Other</geoform><pubinfo><pubplace>Washington, D.C.</pubplace><publish>U.S. Department of Agriculture, National Agricultural Statistics Service</publish></pubinfo><onlink>https://www.nass.usda.gov/Statistics_by_State/Hawaii/Publications/Sugarcane_and_Specialty_Crops/Seed/2016/2016HawaiiSeedCrops.pdf</onlink></citeinfo></srccite><typesrc>Digital and/or Hardcopy Resources</typesrc><srctime><timeinfo><rngdates><begdate>20050101</begdate><enddate>20161231</enddate></rngdates></timeinfo><srccurr>publication date</srccurr></srctime><srccitea>2016 seed crops report</srccitea><srccontr>Source information used in support of the development of the data set.</srccontr></srcinfo><procstep><procdesc>PROCESS STEP 1: Used a Python script developed in ArcGIS (ArcPy script) to merge land-cover and fog-interception zone input files and create a new map for assigning land-cover information.  The main operations in this process step included the following:

(1) Used the 100-ft contour map (State of Hawaii, 1997) to create a map defining the fog-interception zone. Areas at elevations of 2,000 feet and greater were assumed to be in the fog-interception zone and may contribute to fog interception, depending on land-cover conditions. Areas below an elevation of 2,000 ft were assumed to be below the fog-interception zone and have no fog interception. The fog-interception zone was also needed for PROCESS STEP 2, in which polygons with forest land-cover conditions were identified as being below or within the fog-interception zone;

(2) Merged the 2010 land-cover map (Johnson, 2017), 2015 agriculture map (Melrose and others, 2016), and the map of the fog-interception zone using the ArcGIS Union tool to create interim map 1;

(3) Added temporary fields to the attribute table of interim map 1 and assigned values for denoting the potential for fog interception, and the presence of septic systems and direct recharge sources such as reservoirs and cesspools. Polygons with mean annual septic-system leachate and mean annual direct recharge values in the 2010 land-cover map that were greater than zero were assumed to have septic systems and direct recharge sources;

(4) Created interim map 2 by clipping interim map 1 to the coastline depicted in the 2010 land-cover map to remove small merged areas from the 2015 agriculture map that extended beyond the boundaries of the 2010 land-cover map;

(5) Saved the new map as a geodatabase feature class and exported the attribute table to a comma-separated values (csv) file, hereinafter the Process Step 1 output.</procdesc><procdate>20171101</procdate></procstep><procstep><procdesc>PROCESS STEP 2: Used a Python script developed in Jupyter Notebook (Python notebook) to assign 2017 land-cover conditions. The main operations in this process step included the following:

(1) Imported the output .csv file from Process Step 1 into a Python notebook;

(2) Assigned "Fallow/grassland" to all polygons with a "Sugar" land-cover classification in the 2015 agriculture map. This land-cover change was done to reflect the cessation of all sugarcane cultivation by Hawaiian Commercial &amp; Sugar Company in December 2016; 

(3) Assigned "Coffee," "Macadamia," "Pineapple," and "Taro" to all polygons with these same land-cover classifications in the 2015 agriculture map;

(4) Assigned "Diversified agriculture" to all polygons with "Banana," "Flowers/Foliage/Landscape," "Diversified Crop," and "Tropical Fruits" land-cover classifications in the 2015 agriculture map. The Hawaii water-budget model does not make a distinction for these four agricultural land covers. Instead, the model uses a "Diversified agriculture" land-cover classification to represent the cultivation of a variety of crops other than sugarcane, coffee, macadamia, pineapple, seed corn, and taro. Hence, a "Diversified agriculture" land-cover classification was used as a 2017 land-cover classification to reflect these four agricultural land covers;

(5) Assigned "Seed corn" to all polygons with a "Seed production" land-cover classification in the 2015 agriculture map. "Seed corn" was used as the land-cover classification for "Seed production" because seed corn was reported as being the primary seed crop grown in Hawaii (USDA-NASS, 2016);

(6) Assigned "Tree plantation" to all polygons with a "Commercial forestry" land-cover classification in the 2015 agriculture map;

(7) Assigned "Fallow/grassland" to all polygons with a "Pasture" land-cover classification in the 2015 agriculture map and a "Sugarcane" land-cover classification in the 2010 land-cover map;

(8) Assigned the 2010 land-cover classification as the 2017 land-cover classification for all polygons with a "Pasture" land-cover classification in the 2015 agriculture map and a land-cover classification other than "Sugarcane" in the 2010 land-cover map. The 2010 land-cover classification was retained as the 2017 land-cover classification to reflect the specific land-cover conditions in the 2010 land-cover map for these areas;

(9) Assigned "Fallow/grassland" to all remaining unassigned polygons with an agricultural land cover in the 2010 land-cover map;

(10) Assigned the 2010 land-cover classification as the 2017 land-cover classification for all remaining unassigned polygons;

(11) Reassigned polygons with "Alien forest," "Native forest," and "Tree plantation" land-cover classifications as "Alien forest, fog," "Native forest, fog," and "Tree plantation, fog," respectively, where these polygons have an elevation equal to or greater than 2,000 feet, the base of the fog-interception zone. These changes were done to identify polygons with forest land covers that may contribute fog interception;

(12) Reassigned polygons with "Alien forest," "Native forest," and "Tree plantation" land-cover classifications as "Alien forest, no fog," "Native forest, no fog," and "Tree plantation, no fog," respectively, where these polygons have an elevation below 2,000 feet, the base of the fog-interception zone. These changes were done to identify polygons with forest land covers that do not contribute fog interception;

(13) Reassigned polygons with a "Reservoir" land-cover classification and a Waikapu, Kahului, or Paia aquifer system designation as "Grassland." These changes were done to reflect the cessation of sugarcane in these areas in December 2016. The reservoirs in these areas had been used to supply irrigation water to nearby sugarcane fields. With the cessation of sugarcane cultivation, it was assumed that these reservoirs were no longer used to store water and would be dry;

(14) Reassigned polygons with a "Reservoir" land-cover classification and an Iao aquifer-system designation as "Reservoir, Iao". This change was done to reflect a higher rate of seepage loss reported for reservoirs in the Iao aquifer-system area as compared to other reservoirs on the island of Maui (Johnson and others, 2018);

(15) Reassigned polygons with a "Reservoir" land-cover classification and an aquifer-system designation other than Iao as "Reservoir, not Iao". This change was done to reflect a lower rate of seepage loss reported for reservoirs in aquifer-system areas other than Iao on the island of Maui (Johnson and others, 2018);

(16) Added and populated an "ilu2017" field to represent the land-cover code associated with each 2017 land-cover classification;

(17) Exported the 2017 land-cover table to a .csv file, hereinafter the Process Step 2 output.</procdesc><procdate>20171101</procdate></procstep><procstep><procdesc>PROCESS STEP 3: Used a Python script developed in ArcGIS (ArcPy script) to merge small polygons with adjacent large polygons in the 2017 land-cover map. The main operations in this process step included the following:

(1) Imported the output .csv file from Process Step 2 into ArcGIS as a table;

(2) Joined the imported table with the output geodatabase feature class from Process Step 1;

(3) Used the ArcGIS Make Feature Layer, Select Layer by Attribute, and Eliminate tools to select polygons that had an area less than 0.1 acre and merge the selected polygons with adjacent larger polygons. Each selected polygon was merged with a neighboring unselected polygon by dropping the shared border with the neighboring unselected polygon that had the largest area. All polygons containing septic systems and cesspools, and polygons with "Water body," "Reservoir, not Iao," "Reservoir, Iao," and "Taro" land cover conditions were excluded from merging because these conditions represent potential recharge sources for the water-budget model;

(4) Step 3 was repeated until there were no further reductions in the number of polygons. The process of merging the small polygons with adjacent large polygons reduced the number of polygons by about 6 percent;

(5) Created the 2017 land-cover map by converting multi-part polygons to single-part polygons to allow users to assign their own land-cover classifications to individual polygons. The 2017 land-cover contains 505,294 polygons. The 2017 land-cover map is being used as a base map that can be modified to define land-cover classifications for a variety of future land-cover change scenarios. Hence, no additional aggregation of polygons was conducted to reduce the total number of polygons;

(6) Added a "POLYGON_ID" field and assigned unique identification number values to polygons;

(7) Removed all temporary and unnecessary fields from the attribute table;

(8) Exported the geodatabase feature class as a shapefile, hereinafter the Process Step 3 output.</procdesc><procdate>20171101</procdate></procstep><procstep><procdesc>PROCESS STEP 4 (added for version 1.2): Used ArcGIS and a Python notebook to reassign the “fog” or “no fog” designations to polygons with forest land covers to reflect the delineation of the fog-interception zone used by Johnson and others (2018). The main operations in this process step included the following:

(1) In ArcGIS, added the polygon-number attributes from the 2010 land-cover map to the attribute table of the 2017 land-cover map (Process Step 3 output). The polygon-number attributes from the 2010 land-cover map were originally linked to the attribute table of the 2017 land-cover map during Process Step 3 and retained as part of the data archive during the creation of version 1.1.  However, the retention of this information was not described in version 1.1.  The ArcGIS Join Field tool was used to append the polygon-number attributes from the 2010 land-cover map to the attribute table of the 2017 land-cover map; 

(2) Exported the attribute table from the 2017 land-cover map to a .csv file;

(3) In Python notebook, imported the .csv file containing the attribute table of the 2017 land-cover map;

(4) Imported a table containing the attributes of each model subarea used in the water-budget-model calculations of Johnson and others (2018). This table was provided by the lead author of Johnson and others (2018) and it included fog-interception-zone designations (fog or no fog);

(5) Appended the fog-interception-zone designations used by Johnson and others (2018) to the table containing the attributes of the 2017 land-cover map using the polygon-number attribute from the 2010 land-cover map;

(6) Reassigned a “fog” or “no fog” designation to each polygon with a forested land cover in the 2017 land-cover map to match the fog-zone designations used by Johnson and others (2018);

(7) Exported the revised attribute table of the 2017 land-cover map to a .csv file;

(8) In ArcGIS, imported the revised attribute table of the 2017 land-cover map;

(9) Appended the revised 2017 land-cover designations to the Process Step 3 output;

(10) Removed all temporary and unnecessary fields from the shapefile's attribute table.</procdesc><procdate>20181018</procdate></procstep></lineage></dataqual><spdoinfo><direct>Vector</direct><ptvctinf><esriterm Name="Maui_land_cover_map_2017_v1.2_Shapefile"><efeatyp Sync="TRUE">Simple</efeatyp><efeageom code="4" Sync="TRUE"></efeageom><esritopo Sync="TRUE">FALSE</esritopo><efeacnt Sync="TRUE">505294</efeacnt><spindex Sync="TRUE">FALSE</spindex><linrefer Sync="TRUE">FALSE</linrefer></esriterm></ptvctinf></spdoinfo><spref><horizsys><planar><planci><plance>coordinate pair</plance><coordrep><absres>0.6096</absres><ordres>0.6096</ordres></coordrep><plandu>METERS</plandu></planci></planar><geodetic><horizdn>D_North_American_1983</horizdn><ellips>GRS_1980</ellips><semiaxis>6378137.0</semiaxis><denflat>298.257222101</denflat></geodetic></horizsys></spref><eainfo><detailed Name="Maui_land_cover_map_2017_v1.2_Shapefile"><enttyp><enttypl>Attribute Table</enttypl><enttypd>Table containing attribute information associated with the data set.</enttypd><enttypds>Producer defined</enttypds><enttypt Sync="TRUE">Feature Class</enttypt><enttypc Sync="TRUE">505294</enttypc></enttyp><attr><attrlabl>FID</attrlabl><attrdef>Internal feature number.</attrdef><attrdefs>Esri</attrdefs><attrdomv><udom>Sequential unique whole numbers that are automatically generated.</udom></attrdomv><attalias Sync="TRUE">FID</attalias><attrtype Sync="TRUE">OID</attrtype><attwidth Sync="TRUE">4</attwidth><atprecis Sync="TRUE">0</atprecis><attscale Sync="TRUE">0</attscale></attr><attr><attrlabl>Shape</attrlabl><attrdef>Feature geometry.</attrdef><attrdefs>Esri</attrdefs><attrdomv><udom>Coordinates defining the features.</udom></attrdomv><attalias Sync="TRUE">Shape</attalias><attrtype Sync="TRUE">Geometry</attrtype><attwidth Sync="TRUE">0</attwidth><atprecis Sync="TRUE">0</atprecis><attscale Sync="TRUE">0</attscale></attr><attr><attrlabl>POLYGON_ID</attrlabl><attrdef>Unique identification number of each polygon</attrdef><attrdefs>Producer defined</attrdefs><attrdomv><rdom><rdommin>1</rdommin><rdommax>505294</rdommax></rdom></attrdomv><attalias Sync="TRUE">POLYGON_ID</attalias><attrtype Sync="TRUE">Integer</attrtype><attwidth Sync="TRUE">10</attwidth><atprecis Sync="TRUE">10</atprecis><attscale Sync="TRUE">0</attscale></attr><attr><attrlabl>AREA_SQ_M</attrlabl><attrdef>Area in square meters</attrdef><attrdefs>Producer defined</attrdefs><attrdomv><rdom><rdommin>6.0E-06</rdommin><rdommax>58534.359793</rdommax><attrunit>square meters</attrunit></rdom></attrdomv><attalias Sync="TRUE">AREA_SQ_M</attalias><attrtype Sync="TRUE">Double</attrtype><attwidth Sync="TRUE">19</attwidth><atprecis Sync="TRUE">0</atprecis><attscale Sync="TRUE">0</attscale></attr><attr><attrlabl>ilu2017</attrlabl><attrdef>Identification number of land-cover name</attrdef><attrdefs>Originator</attrdefs><attrdomv><edom><edomv>2</edomv><edomvd>Pineapple</edomvd><edomvds>U.S. Geological Survey</edomvds></edom></attrdomv><attrdomv><edom><edomv>3</edomv><edomvd>Coffee</edomvd><edomvds>U.S. Geological Survey</edomvds></edom></attrdomv><attrdomv><edom><edomv>4</edomv><edomvd>Diversified agriculture</edomvd><edomvds>U.S. Geological Survey</edomvds></edom></attrdomv><attrdomv><edom><edomv>5</edomv><edomvd>Macadamia</edomvd><edomvds>U.S. Geological Survey</edomvds></edom></attrdomv><attrdomv><edom><edomv>6</edomv><edomvd>Fallow/grassland</edomvd><edomvds>U.S. Geological Survey</edomvds></edom></attrdomv><attrdomv><edom><edomv>7</edomv><edomvd>Developed, open space</edomvd><edomvds>U.S. Geological Survey</edomvds></edom></attrdomv><attrdomv><edom><edomv>8</edomv><edomvd>Developed, low-intensity</edomvd><edomvds>U.S. Geological Survey</edomvds></edom></attrdomv><attrdomv><edom><edomv>9</edomv><edomvd>Developed, medium-intensity</edomvd><edomvds>U.S. Geological Survey</edomvds></edom></attrdomv><attrdomv><edom><edomv>10</edomv><edomvd>Developed, high-intensity</edomvd><edomvds>U.S. Geological Survey</edomvds></edom></attrdomv><attrdomv><edom><edomv>11</edomv><edomvd>Water body</edomvd><edomvds>U.S. Geological Survey</edomvds></edom></attrdomv><attrdomv><edom><edomv>12</edomv><edomvd>Wetland</edomvd><edomvds>U.S. Geological Survey</edomvds></edom></attrdomv><attrdomv><edom><edomv>13</edomv><edomvd>Sparsely vegetated</edomvd><edomvds>U.S. Geological Survey</edomvds></edom></attrdomv><attrdomv><edom><edomv>14</edomv><edomvd>Grassland</edomvd><edomvds>U.S. Geological Survey</edomvds></edom></attrdomv><attrdomv><edom><edomv>15</edomv><edomvd>Shrubland</edomvd><edomvds>U.S. Geological Survey</edomvds></edom></attrdomv><attrdomv><edom><edomv>16</edomv><edomvd>Native forest, no fog</edomvd><edomvds>U.S. Geological Survey</edomvds></edom></attrdomv><attrdomv><edom><edomv>17</edomv><edomvd>Alien forest, no fog</edomvd><edomvds>U.S. Geological Survey</edomvds></edom></attrdomv><attrdomv><edom><edomv>18</edomv><edomvd>Tree plantation, no fog</edomvd><edomvds>U.S. Geological Survey</edomvds></edom></attrdomv><attrdomv><edom><edomv>19</edomv><edomvd>Reservoir, not Iao</edomvd><edomvds>U.S. Geological Survey</edomvds></edom></attrdomv><attrdomv><edom><edomv>20</edomv><edomvd>Seed corn</edomvd><edomvds>U.S. Geological Survey</edomvds></edom></attrdomv><attrdomv><edom><edomv>21</edomv><edomvd>Native forest, fog</edomvd><edomvds>U.S. Geological Survey</edomvds></edom></attrdomv><attrdomv><edom><edomv>22</edomv><edomvd>Alien forest, fog</edomvd><edomvds>U.S. Geological Survey</edomvds></edom></attrdomv><attrdomv><edom><edomv>23</edomv><edomvd>Tree plantation, fog</edomvd><edomvds>U.S. Geological Survey</edomvds></edom></attrdomv><attrdomv><edom><edomv>24</edomv><edomvd>Golf course</edomvd><edomvds>U.S. Geological Survey</edomvds></edom></attrdomv><attrdomv><edom><edomv>25</edomv><edomvd>Taro</edomvd><edomvds>U.S. Geological Survey</edomvds></edom></attrdomv><attrdomv><edom><edomv>30</edomv><edomvd>Reservoir, Iao</edomvd><edomvds>U.S. Geological Survey</edomvds></edom></attrdomv><attalias Sync="TRUE">ilu2017</attalias><attrtype Sync="TRUE">Integer</attrtype><attwidth Sync="TRUE">10</attwidth><atprecis Sync="TRUE">10</atprecis><attscale Sync="TRUE">0</attscale></attr><attr><attrlabl>LC_2017</attrlabl><attrdef>Name of land cover or vegetation, 2017</attrdef><attrdefs>Originator</attrdefs><attrdomv><edom><edomv>Alien forest, fog</edomv><edomvd>Land cover is alien forest. Area is within the fog-interception zone.</edomvd><edomvds>Producer defined</edomvds></edom></attrdomv><attrdomv><edom><edomv>Alien forest, no fog</edomv><edomvd>Land cover is alien forest. Area is below the 2,000-ft elevation contour, the base of the fog-interception zone.</edomvd><edomvds>Producer defined</edomvds></edom></attrdomv><attrdomv><edom><edomv>Coffee</edomv><edomvd>Land cover is coffee, an agricultural land cover.</edomvd><edomvds>Producer defined</edomvds></edom></attrdomv><attrdomv><edom><edomv>Developed, high-intensity</edomv><edomvd>Land cover is developed, high-intensity.</edomvd><edomvds>Producer defined</edomvds></edom></attrdomv><attrdomv><edom><edomv>Developed, low-intensity</edomv><edomvd>Land cover is developed, low-intensity.</edomvd><edomvds>Producer defined</edomvds></edom></attrdomv><attrdomv><edom><edomv>Developed, medium-intensity</edomv><edomvd>Land cover is developed, medium-intensity.</edomvd><edomvds>Producer defined</edomvds></edom></attrdomv><attrdomv><edom><edomv>Developed, open space</edomv><edomvd>Land cover is developed, open space.</edomvd><edomvds>Producer defined</edomvds></edom></attrdomv><attrdomv><edom><edomv>Diversified agriculture</edomv><edomvd>Land cover is diversified agriculture, an agricultural land cover.</edomvd><edomvds>Producer defined</edomvds></edom></attrdomv><attrdomv><edom><edomv>Fallow/grassland</edomv><edomvd>Land cover is fallow/grassland.</edomvd><edomvds>Producer defined</edomvds></edom></attrdomv><attrdomv><edom><edomv>Golf course</edomv><edomvd>Land cover is golf course.</edomvd><edomvds>Producer defined</edomvds></edom></attrdomv><attrdomv><edom><edomv>Grassland</edomv><edomvd>Land cover is grassland.</edomvd><edomvds>Producer defined</edomvds></edom></attrdomv><attrdomv><edom><edomv>Macadamia</edomv><edomvd>Land cover is macadamia, an agricultural land cover.</edomvd><edomvds>Producer defined</edomvds></edom></attrdomv><attrdomv><edom><edomv>Native forest, fog</edomv><edomvd>Land cover is native forest. Area is within the fog-interception zone.</edomvd><edomvds>Producer defined</edomvds></edom></attrdomv><attrdomv><edom><edomv>Native forest, no fog</edomv><edomvd>Land cover is native forest. Area is below the 2,000-ft elevation contour, the base of the fog-interception zone.</edomvd><edomvds>Producer defined</edomvds></edom></attrdomv><attrdomv><edom><edomv>Pineapple</edomv><edomvd>Land cover is pineapple, an agricultural land cover.</edomvd><edomvds>Producer defined</edomvds></edom></attrdomv><attrdomv><edom><edomv>Reservoir, Iao</edomv><edomvd>Land cover is reservoir and located within the Iao aquifer-system area as defined by the aquifer-system map (State of Hawaii, 2010).</edomvd><edomvds>Producer defined</edomvds></edom></attrdomv><attrdomv><edom><edomv>Reservoir, not Iao</edomv><edomvd>Land cover is reservoir and located in aquifer-system areas other than Iao as defined by the aquifer-system map (State of Hawaii, 2010).</edomvd><edomvds>Producer defined</edomvds></edom></attrdomv><attrdomv><edom><edomv>Seed corn</edomv><edomvd>Land cover is seed corn, an agricultural land cover.</edomvd><edomvds>Producer defined</edomvds></edom></attrdomv><attrdomv><edom><edomv>Shrubland</edomv><edomvd>Land cover is shrubland.</edomvd><edomvds>Producer defined</edomvds></edom></attrdomv><attrdomv><edom><edomv>Sparsely vegetated</edomv><edomvd>Land cover is sparsely vegetated.</edomvd><edomvds>Producer defined</edomvds></edom></attrdomv><attrdomv><edom><edomv>Taro</edomv><edomvd>Land cover is taro, an agricultural land cover.</edomvd><edomvds>Producer defined</edomvds></edom></attrdomv><attrdomv><edom><edomv>Tree plantation, fog</edomv><edomvd>Land cover is tree plantation, an agricultural land cover. Area is within the fog-interception zone.</edomvd><edomvds>Producer defined</edomvds></edom></attrdomv><attrdomv><edom><edomv>Tree plantation, no fog</edomv><edomvd>Land cover is tree plantation, an agricultural land cover. Area is below the 2,000-ft elevation contour, the base of the fog-interception zone.</edomvd><edomvds>Producer defined</edomvds></edom></attrdomv><attrdomv><edom><edomv>Water body</edomv><edomvd>Land cover is water body.</edomvd><edomvds>Producer defined</edomvds></edom></attrdomv><attrdomv><edom><edomv>Wetland</edomv><edomvd>Land cover is wetland.</edomvd><edomvds>Producer defined</edomvds></edom></attrdomv><attalias Sync="TRUE">LC_2017</attalias><attrtype Sync="TRUE">String</attrtype><attwidth Sync="TRUE">254</attwidth><atprecis Sync="TRUE">0</atprecis><attscale Sync="TRUE">0</attscale></attr></detailed><overview><eaover>The entity and attribute information provided here describes the tabular data associated with the data set. Please review the detailed descriptions that are provided (the individual attribute descriptions) for information on the values that appear as fields/table entries of the data set.</eaover><eadetcit>The entity and attribute information was generated by the individual and/or agency identified as the originator of the data set. Please review the rest of the metadata file for additional details and information.</eadetcit></overview></eainfo><distinfo><distrib><cntinfo><cntperp><cntper>U.S. Geological Survey - ScienceBase</cntper><cntorg>U.S. Geological Survey - ScienceBase</cntorg></cntperp><cntaddr><addrtype>mailing and physical</addrtype><address>Denver Federal Center, Building 810, Mail Stop 302</address><city>Denver</city><state>Colorado</state><postal>80225</postal><country>UNITED STATES</country></cntaddr><cntvoice>1-888-275-8747</cntvoice><cntemail>sciencebase@usgs.gov</cntemail></cntinfo></distrib><distliab>Unless otherwise stated, all data, metadata and related materials are considered to satisfy the quality standards relative to the purpose for which the data were collected. Although these data and associated metadata have been reviewed for accuracy and completeness and approved for release by the U.S. Geological Survey (USGS), no warranty expressed or implied is made regarding the display or utility of the data for other purposes, nor on all computer systems, nor shall the act of distribution constitute any such warranty.</distliab><stdorder><digform><digtinfo><formname>Vector Digital Data Set (Polygon)</formname><formvern>ArcMap 10.4.1</formvern></digtinfo><digtopt><onlinopt><computer><networka><networkr>https://www.sciencebase.gov/catalog/file/get/5a0248cce4b0531197b73178?name=Maui_land_cover_map_2017_v1.2_Shapefile.zip</networkr></networka></computer></onlinopt></digtopt></digform><fees>None. This dataset is provided by USGS as a public service.</fees></stdorder></distinfo><metainfo><metd>20181127</metd><metc><cntinfo><cntperp><cntper>Alan Mair</cntper><cntorg>U.S. Geological Survey, Pacific Islands Water Science Center</cntorg></cntperp><cntpos>Hydrologist</cntpos><cntaddr><addrtype>mailing and physical</addrtype><address>1845 Wasp Blvd, Bldg 176</address><address>1845 Wasp Boulevard, Bld 176</address><city>Honolulu</city><state>HI</state><postal>96818</postal><country>US</country></cntaddr><cntvoice>808-690-9596</cntvoice><cntfax>808-690-9599</cntfax><cntemail>dmair@usgs.gov</cntemail></cntinfo></metc><metstdn>Content Standard for Digital Geospatial Metadata</metstdn><metstdv>FGDC-STD-001-1998</metstdv></metainfo><dataIdInfo><envirDesc Sync="TRUE"> Version 6.2 (Build 9200) ; Esri ArcGIS 10.4.1.5686</envirDesc><dataLang><languageCode value="eng" Sync="TRUE"></languageCode><countryCode value="USA" Sync="TRUE"></countryCode></dataLang><idCitation><resTitle Sync="TRUE">Maui_land_cover_map_2017_v1.2_Shapefile</resTitle><presForm><PresFormCd value="005" Sync="TRUE"></PresFormCd></presForm></idCitation><spatRpType><SpatRepTypCd value="001" Sync="TRUE"></SpatRepTypCd></spatRpType><dataExt><geoEle><GeoBndBox esriExtentType="search"><exTypeCode Sync="TRUE">1</exTypeCode><westBL Sync="TRUE">-156.702355</westBL><eastBL Sync="TRUE">-155.973931</eastBL><northBL Sync="TRUE">21.032682</northBL><southBL Sync="TRUE">20.568016</southBL></GeoBndBox></geoEle></dataExt></dataIdInfo><mdLang><languageCode value="eng" Sync="TRUE"></languageCode><countryCode value="USA" Sync="TRUE"></countryCode></mdLang><Esri><DataProperties><itemProps><itemName Sync="TRUE">Maui_land_cover_map_2017_v1.2_Shapefile</itemName><imsContentType Sync="TRUE">002</imsContentType><nativeExtBox><westBL Sync="TRUE">739503.208100</westBL><eastBL Sync="TRUE">814560.327600</eastBL><southBL Sync="TRUE">2277251.476100</southBL><northBL Sync="TRUE">2327493.931400</northBL><exTypeCode Sync="TRUE">1</exTypeCode></nativeExtBox><itemSize Sync="TRUE">0.000</itemSize><itemLocation><linkage Sync="TRUE">file://\\igswhdwwgs06\Sections\Projects\EVY02_Maui_Recharge_Pacific_RISA\LandCover_Scenarios\GIS_release\LandCover_2017\Review_ver1.2\4_release\shapefile\Maui_land_cover_map_2017_v1.shp</linkage><protocol Sync="TRUE">Local Area Network</protocol></itemLocation></itemProps><coordRef><type Sync="TRUE">Projected</type><geogcsn Sync="TRUE">GCS_North_American_1983</geogcsn><csUnits Sync="TRUE">Linear Unit: Meter (1.000000)</csUnits><projcsn Sync="TRUE">NAD_1983_UTM_Zone_4N</projcsn><peXml Sync="TRUE">&lt;ProjectedCoordinateSystem xsi:type='typens:ProjectedCoordinateSystem' xmlns:xsi='http://www.w3.org/2001/XMLSchema-instance' xmlns:xs='http://www.w3.org/2001/XMLSchema' xmlns:typens='http://www.esri.com/schemas/ArcGIS/10.4'&gt;&lt;WKT&gt;PROJCS[&amp;quot;NAD_1983_UTM_Zone_4N&amp;quot;,GEOGCS[&amp;quot;GCS_North_American_1983&amp;quot;,DATUM[&amp;quot;D_North_American_1983&amp;quot;,SPHEROID[&amp;quot;GRS_1980&amp;quot;,6378137.0,298.257222101]],PRIMEM[&amp;quot;Greenwich&amp;quot;,0.0],UNIT[&amp;quot;Degree&amp;quot;,0.0174532925199433]],PROJECTION[&amp;quot;Transverse_Mercator&amp;quot;],PARAMETER[&amp;quot;False_Easting&amp;quot;,500000.0],PARAMETER[&amp;quot;False_Northing&amp;quot;,0.0],PARAMETER[&amp;quot;Central_Meridian&amp;quot;,-159.0],PARAMETER[&amp;quot;Scale_Factor&amp;quot;,0.9996],PARAMETER[&amp;quot;Latitude_Of_Origin&amp;quot;,0.0],UNIT[&amp;quot;Meter&amp;quot;,1.0],AUTHORITY[&amp;quot;EPSG&amp;quot;,26904]]&lt;/WKT&gt;&lt;XOrigin&gt;-5120900&lt;/XOrigin&gt;&lt;YOrigin&gt;-9998100&lt;/YOrigin&gt;&lt;XYScale&gt;450445547.3910538&lt;/XYScale&gt;&lt;ZOrigin&gt;-100000&lt;/ZOrigin&gt;&lt;ZScale&gt;10000&lt;/ZScale&gt;&lt;MOrigin&gt;-100000&lt;/MOrigin&gt;&lt;MScale&gt;10000&lt;/MScale&gt;&lt;XYTolerance&gt;0.001&lt;/XYTolerance&gt;&lt;ZTolerance&gt;0.001&lt;/ZTolerance&gt;&lt;MTolerance&gt;0.001&lt;/MTolerance&gt;&lt;HighPrecision&gt;true&lt;/HighPrecision&gt;&lt;WKID&gt;26904&lt;/WKID&gt;&lt;LatestWKID&gt;26904&lt;/LatestWKID&gt;&lt;/ProjectedCoordinateSystem&gt;</peXml></coordRef></DataProperties><SyncDate>20181127</SyncDate><SyncTime>14484600</SyncTime><ModDate>20181127</ModDate><ModTime>14484600</ModTime></Esri><distInfo><distFormat><formatName Sync="TRUE">Shapefile</formatName></distFormat><distTranOps><transSize Sync="TRUE">0.000</transSize></distTranOps></distInfo><mdHrLv><ScopeCd value="005" Sync="TRUE"></ScopeCd></mdHrLv><mdHrLvName Sync="TRUE">dataset</mdHrLvName><refSysInfo><RefSystem><refSysID><identCode code="26904" Sync="TRUE"></identCode><idCodeSpace Sync="TRUE">EPSG</idCodeSpace><idVersion Sync="TRUE">6.13(3.0.1)</idVersion></refSysID></RefSystem></refSysInfo><spatRepInfo><VectSpatRep><geometObjs Name="Maui_land_cover_map_2017_v1.2_Shapefile"><geoObjTyp><GeoObjTypCd value="002" Sync="TRUE"></GeoObjTypCd></geoObjTyp><geoObjCnt Sync="TRUE">505294</geoObjCnt></geometObjs><topLvl><TopoLevCd value="001" Sync="TRUE"></TopoLevCd></topLvl></VectSpatRep></spatRepInfo><mdDateSt Sync="TRUE">20181127</mdDateSt></metadata>
