<?xml version="1.0" encoding="UTF-8"?><metadata>
    <idinfo>
        <citation>
            <citeinfo>
                <origin/>
                <pubdate>20200622</pubdate>
                <title>s_fld_haz_ar_mau</title>
                <edition>Version 1.1.1.0</edition>
                <geoform>FEMA-NFHL</geoform>
                <pubinfo>
                    <pubplace/>
                    <publish>Federal Emergency Management Agency</publish>
                </pubinfo>
                <onlink>https://msc.fema.gov</onlink>
                <onlink>https://files.hawaii.gov/dbedt/op/gis/data/s_fld_haz_ar_state.pdf</onlink>
            </citeinfo>
        </citation>
        <descript>
            <abstract>[Metadata] Flood Hazard Areas for the County of Maui - downloaded from FEMA Flood Map Service Center, May 1, 2021.  The National Flood Hazard Layer (NFHL) data incorporates all Flood Insurance Rate Map (FIRM) databases published by the Federal Emergency Management Agency (FEMA), and any Letters of Map Revision (LOMRs) that have been issued against those databases since their publication date. It is updated on a monthly basis. The FIRM Database is the digital, geospatial version of the flood hazard information shown on the published paper FIRMs. The FIRM Database depicts flood risk information and supporting data used to develop the risk data. The primary risk classifications used are the 1-percent-annual-chance flood event, the 0.2-percent-annual-chance flood event, and areas of minimal flood risk. The FIRM Database is derived from Flood Insurance Studies (FISs), previously published FIRMs, flood hazard analyses performed in support of the FISs and FIRMs, and new mapping data, where available. The FISs and FIRMs are published by FEMA. The NFHL is available as State or US Territory data sets. Each State or Territory data set consists of all FIRM Databases and corresponding LOMRs available on the publication date of the data set. The specification for the horizontal control of FIRM Databases is consistent with those required for mapping at a scale of 1:12,000. This file is georeferenced to the Earth's surface using the Geographic Coordinate System (GCS) and North American Datum of 1983.For additional information, please summary metadata https://files.hawaii.gov/dbedt/op/gis/data/s_fld_haz_ar_state.pdf or   contact Hawaii Statewide GIS Program, Office of Planning and Sustainable Development, State of Hawaii; PO Box 2359, Honolulu, Hi. 96804; (808) 587-2846; email: gis@hawaii.gov; Website: https://planning.hawaii.gov/gis.</abstract>
            <purpose>Flood Hazard Areas (DFIRM) - County of Maui as of May 1, 2021</purpose>
        </descript>
        <timeperd>
            <timeinfo>
                <sngdate>
                    <caldate>20200622</caldate>
                </sngdate>
            </timeinfo>
            <current>Publication Date</current>
        </timeperd>
        <status>
            <progress>In work</progress>
            <update>Monthly</update>
        </status>
        <spdom>
            <bounding>
                <westbc>-172</westbc>
                <eastbc>147</eastbc>
                <northbc>72</northbc>
                <southbc>-15</southbc>
            </bounding>
        </spdom>
        <keywords>
            <theme>
                <themekt>FEMA NFIP Topic Category</themekt>
                <themekey>NFIP</themekey>
                <themekey>Special Flood Hazard Area</themekey>
                <themekey>FIRM Database</themekey>
                <themekey>Riverine Flooding</themekey>
                <themekey>FIRM</themekey>
                <themekey>FEMA Flood Hazard Zone</themekey>
                <themekey>Floodway</themekey>
                <themekey>SFHA</themekey>
                <themekey>Base Flood Elevation</themekey>
                <themekey>Coastal Flooding</themekey>
                <themekey>Flood Insurance Rate Map</themekey>
                <themekey>Coastal Barrier Resources System</themekey>
                <themekey>CBRS</themekey>
            </theme>
            <theme>
                <themekt>ISO 19115 Topic Category</themekt>
                <themekey>structure</themekey>
                <themekey>inlandWaters</themekey>
                <themekey>environment</themekey>
                <themekey>hydrology</themekey>
                <themekey>transportation</themekey>
                <themekey>elevation</themekey>
            </theme>
            <theme>
                <themekt>NGDA Portfolio Themes</themekt>
                <themekey>Elevation Theme</themekey>
                <themekey>National Geospatial Data Asset</themekey>
                <themekey>NGDA</themekey>
            </theme>
            <place>
                <placekt>None</placekt>
                <placekey>Vermont</placekey>
                <placekey>Indiana</placekey>
                <placekey>Marshall Islands</placekey>
                <placekey>South Carolina</placekey>
                <placekey>New Mexico</placekey>
                <placekey>Maine</placekey>
                <placekey>Florida</placekey>
                <placekey>California</placekey>
                <placekey>Oklahoma</placekey>
                <placekey>Federated State of Micronesia</placekey>
                <placekey>Idaho</placekey>
                <placekey>North Carolina</placekey>
                <placekey>New York</placekey>
                <placekey>Wyoming</placekey>
                <placekey>Kentucky</placekey>
                <placekey>Palau</placekey>
                <placekey>Virgin Islands</placekey>
                <placekey>Iowa</placekey>
                <placekey>Delaware</placekey>
                <placekey>Colorado</placekey>
                <placekey>South Dakota</placekey>
                <placekey>Puerto Rico</placekey>
                <placekey>Georgia</placekey>
                <placekey>Kansas</placekey>
                <placekey>Massachusetts</placekey>
                <placekey>Rhode Island</placekey>
                <placekey>Alabama</placekey>
                <placekey>North Dakota</placekey>
                <placekey>West Virginia</placekey>
                <placekey>Hawaii</placekey>
                <placekey>Arkansas</placekey>
                <placekey>Michigan</placekey>
                <placekey>Guam</placekey>
                <placekey>Virginia</placekey>
                <placekey>Nebraska</placekey>
                <placekey>Montana</placekey>
                <placekey>Utah</placekey>
                <placekey>Alaska</placekey>
                <placekey>Connecticut</placekey>
                <placekey>Tennessee</placekey>
                <placekey>New Hampshire</placekey>
                <placekey>Oregon</placekey>
                <placekey>Nevada</placekey>
                <placekey>New Jersey</placekey>
                <placekey>Mississippi</placekey>
                <placekey>Arizona</placekey>
                <placekey>American Samoa</placekey>
                <placekey>Texas</placekey>
                <placekey>Wisconsin</placekey>
                <placekey>Washington</placekey>
                <placekey>Missouri</placekey>
                <placekey>Ohio</placekey>
                <placekey>U.S. Minor Islands</placekey>
                <placekey>Pennsylvania</placekey>
                <placekey>Minnesota</placekey>
                <placekey>Louisiana</placekey>
                <placekey>Maryland</placekey>
                <placekey>Northern Mariana Islands</placekey>
                <placekey>District of Columbia</placekey>
                <placekey>Illinois</placekey>
            </place>
        </keywords>
        <accconst>Other Constraints</accconst>
        <useconst>The hardcopy FIRM and FIRM Database and the accompanying FIS are the official designation of SFHAs and Base Flood Elevations (BFEs) for the NFIP. For the purposes of the NFIP, changes to the flood risk information published by FEMA may only be performed by FEMA and through the mechanisms established in the NFIP regulations (44 CFR Parts 59-78). These digital data are produced in conjunction with the hardcopy FIRMs and generally match the hardcopy map exactly. Acknowledgement of FEMA would be appreciated in products derived from these data.State of Hawaii Terms of Use. 



The
 contents of this web page are public domain and to the extent indicated
 otherwise in the Terms of Use, are exempt from Terms of Use policy 
restrictions.There are no expressed warranties associated with the 
release of this data or product. Specifically, no warranty is made that 
the GIS data or any subsequent updates will be error free and no 
warranty is made regarding the positional or thematic accuracy of the 
GIS data. The GIS data and any features depicted do not represent or 
confer any legal rights, privileges, benefits, boundaries or claims of 
any kind. The Office of Planning and Sustainable Development encourages users to report any 
discrepancies or errors found. 
 Contact: Hawaii Statewide GIS Program, Office of Planning and 
Sustainable Development, State of Hawaii; PO Box 2359, Honolulu, Hi. 
96804; (808) 587-2846; email: gis@hawaii.gov. Website: https://planning.hawaii.gov/gis.</useconst>
        <ptcontac>
            <cntinfo>
                <cntorgp>
                    <cntorg>Federal Emergency Management Agency</cntorg>
                </cntorgp>
                <cntaddr>
                    <addrtype>mailing</addrtype>
                    <address>500 C Street, S.W.</address>
                    <city>Washington</city>
                    <state>District of Columbia</state>
                    <postal>20472</postal>
                    <country>US</country>
                </cntaddr>
                <cntvoice>1-877-336-2627</cntvoice>
                <cntemail>mscservices@riskmapcds.com</cntemail>
            </cntinfo>
        </ptcontac>
        <native>Version 6.2 (Build 9200) ; Esri ArcGIS 10.8.1.14362</native>
    </idinfo>
    <dataqual>
        <attracc>
            <attraccr>The NFHL incorporates all FIRM Databases published by FEMA and any LOMRs that have been issued against those databases since their publication date. The NFHL consists of vector files and associated attributes produced in conjunction with the hardcopy FEMA FIRM. The published effective FIRM and FIRM Database are issued as the official designation of the SFHAs. As such they are adopted by local communities and form the basis for administration of the NFIP. For these purposes they are authoritative. Provisions exist in the regulations for public review, appeals and corrections of the flood risk information shown to better match real world conditions. As with any engineering analysis of this type, variation from the estimated flood heights and floodplain boundaries is possible. Details of FEMA's requirements for the FISs and flood mapping process that produces these data are available in the Guidelines and Standards for Flood Risk Analysis and Mapping. Attribute accuracy was tested by manual comparison of source graphics with hardcopy plots and a symbolized display on an interactive computer graphic system. Independent quality control testing of the individual FIRM Database components of the NFHL was also performed. To obtain more detailed information in areas where Base Flood Elevations (BFEs) and/or floodways have been determined, users are encouraged to consult the Flood Profiles and Floodway Data and/or Summary of Stillwater Elevations tables contained within the FIS reports that accompany the individual FIRM Database components of the NFHL. Users should be aware that BFEs shown in the S_BFE table may represent rounded whole-foot elevations. These BFEs are intended for flood insurance rating purposes only and should not be used as the sole source of flood elevation information. Accordingly, flood elevation data presented in the FIS report must be used in conjunction with the FIRM for purposes of construction and/or floodplain management. The 1-percent-annual-chance water-surface elevations shown in the S_XS table match the regulatory elevations shown in the FIS report.</attraccr>
        </attracc>
        <logic>When FEMA revises an FIS, adjacent studies are checked to ensure agreement between flood elevations at the boundaries. Likewise flood elevations at the confluence of streams studied independently are checked to ensure agreement at the confluence. The FIRM and the FIS are developed together and care is taken to ensure that the elevations and other features shown on the flood profiles in the FIS agree with the information shown on the FIRM. However, the elevations as shown on the FIRM may represent rounded whole-foot elevations. They must be shown so that a profile recreated from the elevations on the FIRM will match the FIS profiles within one half of one foot.</logic>
        <complete>Data contained in the NFHL reflects the content of the source materials. Features may have been eliminated or generalized on the source graphic, due to scale and legibility constraints. With new mapping, FEMA plans to maintain full detail in the spatial data it produces. However, older information is often transferred from existing maps where some generalization has taken place. Flood risk data are developed for communities participating in the NFIP for use in insurance rating and for floodplain management. Flood hazard areas are determined using statistical analyses of records of river flow, storm tides, and rainfall; information obtained through consultation with the communities; floodplain topographic surveys; and hydrological and hydraulic analysis. Generally, regulatory water surface elevations and/or regulatory floodways are published only for developed or developing areas of communities. For areas where little or no development is expected to occur, FEMA may generate flood risk data without published water surface elevations. Typically, only drainage areas that are greater than one square mile and with an average of one foot of flood depth or greater are studied. Note: The NFHL reflects the most current information available when the distribution data set was created. Currently, not all areas of a State or Territory have effective FIRM Database data. As a result, users may need to refer to the effective FIRM for effective flood hazard information.</complete>
        <posacc>
            <horizpa>
                <horizpar>The NFHL consists of vector files and associated attributes produced in conjunction with the hardcopy FEMA FIRM. The published effective FIRM and FIRM Database are issued as the official designation of the SFHAs. As such they are adopted by local communities and form the basis for administration of the NFIP. For these purposes they are authoritative. Provisions exist in the regulations for public review, appeals and corrections of the flood risk information shown to better match real world conditions. As with any engineering analysis of this type, variation from the estimated flood heights and floodplain boundaries is possible. Details of FEMA's requirements for the FISs and flood mapping process that produces these data are available in the Guidelines and Standards for Flood Risk Analysis and Mapping. Horizontal accuracy was tested by manual comparison of source graphics with hardcopy plots and a symbolized display on an interactive computer graphic system. Independent quality control testing of the individual FIRM Database components of the NFHL was also performed.</horizpar>
            </horizpa>
        </posacc>
        <posacc>
            <vertacc>
                <vertaccr>The NFHL consists of vector files and associated attributes produced in conjunction with the hardcopy FEMA FIRM. The published effective FIRM and FIRM Database are issued as the official designation of the SFHAs. As such they are adopted by local communities and form the basis for administration of the NFIP. For these purposes they are authoritative. Provisions exist in the regulations for public review, appeals and corrections of the flood risk information shown to better match real world conditions. As with any engineering analysis of this type, variation from the estimated flood heights and floodplain boundaries is possible. Details of FEMA's requirements for the FISs and flood mapping process that produces these data are available in the Guidelines and Standards for Flood Risk Analysis and Mapping. The reliability of the floodplain boundary delineation is quantified by comparing the computed flood elevation to the ground elevation at the mapped floodplain boundary. The tolerance for how precisely the flood elevation and the ground elevation must match varies based on the flood risk class, which is a function of population, population density, and/or anticipated growth in floodplain areas. A horizontal accuracy of +/- 38 feet is used to determine the compliance with the vertical tolerances defined for each risk class. The range of differences between the ground elevation (defined from the topographic data used for the Flood Risk Project) and the computed flood elevation is between +/- 1.0 foot at the 95% confidence interval for areas with high population within the floodplain and/or high anticipated growth and Special Flood Hazard Areas (SFHAs) with high flood risk to +/- one-half the contour interval at the 85% confidence interval for areas with low population and densities within the floodplain and small or no anticipated growth and SFHAs with low flood risk. Independent quality control testing of the individual FIRM Database components of the NFHL was also performed.</vertaccr>
            </vertacc>
        </posacc>
        <lineage>
            <procstep>
                <procdesc>The NFHL dataset is a compilation of effective FIRM Databases (a collection of the digital data that are used in GIS systems for creating new Flood Insurance Rate Maps) and Letters of Map Change (Letters of Map Amendment and Letters of Map Revision only) that create a seamless GIS data layer for a State or Territory. It is updated on a monthly basis. The FIRM Databases are compiled in conjunction with the hardcopy FIRMs and the final FIS reports. The specifics of the hydrologic and hydraulic analyses performed are detailed in the FIS reports available for each jurisdiction. The results of these studies are submitted in digital format to FEMA. These data and unrevised data from effective FIRMs are compiled onto the base map used for FIRM publication and checked for accuracy and compliance with FEMA standards. As new FIRM Databases are received the individual FIRM layers are sewn into the nationwide layers of the NFHL. LOMRs for the FIRM Databases in the NFHL are cut directly into the NFHL data layers as they are being produced and finalized.</procdesc>
                <procdate>20150130</procdate>
            </procstep>
        </lineage>
    </dataqual>
    <spdoinfo>
        <direct>Vector</direct>
        <ptvctinf>
            <sdtsterm>
                <sdtstype>GT-polygon composed of chains</sdtstype>
                <ptvctcnt>0</ptvctcnt>
            </sdtsterm>
        </ptvctinf>
    </spdoinfo>
    <eainfo>
        <detailed>
            <enttyp>
                <enttypl>s_fld_haz_ar_mau</enttypl>
            </enttyp>
            <attr>
                <attrlabl>OBJECTID</attrlabl>
                <attrdef>Internal feature number.</attrdef>
                <attrdefs>Esri</attrdefs>
                <attrdomv>
                                        					
                    
                    <udom>Sequential unique whole numbers that are automatically generated.</udom>
                                        				
                
                </attrdomv>
            </attr>
            <attr>
                <attrlabl>Shape</attrlabl>
                <attrdef>Feature geometry.</attrdef>
                <attrdefs>Esri</attrdefs>
                <attrdomv>
                                        					
                    
                    <udom>Coordinates defining the features.</udom>
                                        				
                
                </attrdomv>
            </attr>
            <attr>
                <attrlabl>DFIRM_ID</attrlabl>
            </attr>
            <attr>
                <attrlabl>VERSION_ID</attrlabl>
            </attr>
            <attr>
                <attrlabl>FLD_AR_ID</attrlabl>
            </attr>
            <attr>
                <attrlabl>STUDY_TYP</attrlabl>
            </attr>
            <attr>
                <attrlabl>FLD_ZONE</attrlabl>
            </attr>
            <attr>
                <attrlabl>ZONE_SUBTY</attrlabl>
            </attr>
            <attr>
                <attrlabl>SFHA_TF</attrlabl>
            </attr>
            <attr>
                <attrlabl>STATIC_BFE</attrlabl>
            </attr>
            <attr>
                <attrlabl>V_DATUM</attrlabl>
            </attr>
            <attr>
                <attrlabl>DEPTH</attrlabl>
            </attr>
            <attr>
                <attrlabl>LEN_UNIT</attrlabl>
            </attr>
            <attr>
                <attrlabl>VELOCITY</attrlabl>
            </attr>
            <attr>
                <attrlabl>VEL_UNIT</attrlabl>
            </attr>
            <attr>
                <attrlabl>AR_REVERT</attrlabl>
            </attr>
            <attr>
                <attrlabl>AR_SUBTRV</attrlabl>
            </attr>
            <attr>
                <attrlabl>BFE_REVERT</attrlabl>
            </attr>
            <attr>
                <attrlabl>DEP_REVERT</attrlabl>
            </attr>
            <attr>
                <attrlabl>DUAL_ZONE</attrlabl>
            </attr>
            <attr>
                <attrlabl>SOURCE_CIT</attrlabl>
            </attr>
            <attr>
                <attrlabl>Shape_Length</attrlabl>
                <attrdef>Length of feature in internal units.</attrdef>
                <attrdefs>Esri</attrdefs>
                <attrdomv>
                                        					
                    
                    <udom>Positive real numbers that are automatically generated.</udom>
                                        				
                
                </attrdomv>
            </attr>
            <attr>
                <attrlabl>Shape_Area</attrlabl>
                <attrdef>Area of feature in internal units squared.</attrdef>
                <attrdefs>Esri</attrdefs>
                <attrdomv>
                                        					
                    
                    <udom>Positive real numbers that are automatically generated.</udom>
                                        				
                
                </attrdomv>
            </attr>
        </detailed>
        <overview>
            <eaover>The NFHL is made up of several data themes containing both spatial and attribute information. These data together represent the current flood risk for the subject area as identified by FEMA. The attribute tables include SFHA locations, flood zone designations, BFEs, political entities, cross-section locations, FIRM panel information, and other data related to the NFIP.</eaover>
        </overview>
    </eainfo>
    <distinfo>
        <distrib>
            <cntinfo>
                <cntorgp>
                    <cntorg>FEMA, Flood Map Service Center</cntorg>
                </cntorgp>
                <cntaddr>
                    <addrtype>mailing</addrtype>
                    <address>P.O. Box 3617</address>
                    <city>Oakton</city>
                    <state>Virginia</state>
                    <postal>22124</postal>
                    <country>US</country>
                </cntaddr>
                <cntvoice>1-877-336-2627</cntvoice>
                <cntemail>mscservices@riskmapcds.com</cntemail>
                <cntinst>Data requests must include the name and FIPS code of each State or Territory covered by the request, along with an MSC account number if applicable.</cntinst>
            </cntinfo>
        </distrib>
        <distliab>No warranty expressed or implied is made by FEMA regarding the utility of the data on any other system nor shall the act of distribution constitute any such warranty.</distliab>
        <stdorder>
            <digform>
                <digtinfo>
                    <formname>Esri Shapefile</formname>
                </digtinfo>
                <digtopt>
                    <onlinopt>
                        <computer>
                            <networka>
                                <networkr>http://msc.fema.gov</networkr>
                            </networka>
                        </computer>
                    </onlinopt>
                    <onlinopt>
                        <computer>
                            <networka>
                                <networkr>http://msc.fema.gov</networkr>
                            </networka>
                        </computer>
                    </onlinopt>
                </digtopt>
            </digform>
            <fees>Contact Distributor</fees>
        </stdorder>
    </distinfo>
    <metainfo>
        <metd>20210508</metd>
        <metc>
            <cntinfo>
                <cntorgp>
                    <cntorg>Federal Emergency Management Agency</cntorg>
                    <cntper>Flood Map Service Center</cntper>
                </cntorgp>
                <cntaddr>
                    <addrtype>mailing</addrtype>
                    <address>500 C Street, S.W.</address>
                    <city>Washington</city>
                    <state>District of Columbia</state>
                    <postal>20472</postal>
                    <country>US</country>
                </cntaddr>
                <cntvoice>1-877-336-2627</cntvoice>
                <cntemail>mscservices@riskmapcds.com</cntemail>
            </cntinfo>
        </metc>
        <metstdn>FGDC Content Standard for Digital Geospatial Metadata</metstdn>
        <metstdv>FGDC-STD-001-1998</metstdv>
        <mettc>local time</mettc>
    </metainfo>
</metadata>
