<?xml version="1.0" encoding="UTF-8"?>
<metadata xml:lang="en"><Esri><CreaDate>20211031</CreaDate><CreaTime>05561200</CreaTime><ArcGISFormat>1.0</ArcGISFormat><SyncOnce>TRUE</SyncOnce><DataProperties><lineage><Process ToolSource="c:\program files (x86)\arcgis\desktop10.6\ArcToolbox\Toolboxes\Data Management Tools.tbx\PointsToLine" Date="20211031" Time="055612">PointsToLine tracks30 C:\Users\cshuler\Desktop\AdSci\tracklines.shp # # NO_CLOSE</Process></lineage></DataProperties></Esri></metadata>
