<metadata><idinfo><citation><citeinfo><origin>Laura Brewington</origin><origin>Pacific RISA</origin><pubdate>20150524</pubdate><title>Maui_future_land_cover_scenarios</title><geoform>Vector Digital Data Set (Polygon)</geoform></citeinfo></citation><descript><abstract>The shapefile associated with this metadata file represents different future scenarios of land use and vegetation for the Island of Maui, Hawaii. The 318,429 polygons represent water-budget subareas developed by the U.S. Geological Survey as described in USGS SIR 2014-5168. The model was developed for estimating groundwater recharge and other water-budget components for each subarea, under current and future climate and land cover conditions. The four future land cover scenarios were developed by the Pacific RISA program at the East-West Center in collaboration with water resource managers, land use planners, developers, ranchers, agricultural producers, and others on Oahu and Maui. They represent a range of possible land cover futures for Maui based on different combinations of management decisions. For more information on the methods and sources of data used to produce this shapefile, please contact the Pacific RISA program.</abstract><purpose>The future land cover scenarios in this shapefile were developed in collaboration with stakeholders on Oahu and Maui who are interested in understanding how different land cover changes may impact groundwater recharge under future climate conditions on Maui. The future land cover scenarios are intended for use by the general public as a tool to explore different land use decisions, and may be useful as map outputs, descriptive tools, or land cover inputs for other spatial and numerical models for the island of Maui.</purpose></descript><timeperd><timeinfo><rngdates><begdate>2010</begdate><enddate>2100</enddate></rngdates></timeinfo><current>publication date</current></timeperd><status><progress>Complete</progress><update>None planned</update></status><spdom><bounding><westbc>-156.702355317</westbc><eastbc>-155.97393106</eastbc><northbc>21.032681547</northbc><southbc>20.56801608</southbc></bounding></spdom><keywords><theme><themekt>None</themekt><themekey>land cover</themekey><themekey>land use</themekey><themekey>climate change</themekey><themekey>development planning</themekey><themekey>scenario planning</themekey><themekey>groundwater recharge</themekey><themekey>transpiration</themekey></theme><place><placekt>None</placekt><placekey>Hawaii</placekey><placekey>Maui</placekey><placekey>Pacific islands</placekey></place></keywords><accconst>None. Please see 'Distribution Info' for details.</accconst><useconst>Users are advised to read the dataset's metadata and USGS SIR 2014-5168 thoroughly to understand appropriate use and data limitations.</useconst><ptcontac><cntinfo><cntorgp><cntorg>East-West Center Pacific RISA program</cntorg><cntper>Laura Brewington</cntper></cntorgp><cntpos>Research Fellow</cntpos><cntaddr><addrtype>mailing address</addrtype><address>1601 East West Road</address><city>Honolulu</city><state>HI</state><postal>96848</postal><country>US</country></cntaddr><cntvoice>808-944-7233</cntvoice><cntemail>brewingl@eastwestcenter.org</cntemail></cntinfo></ptcontac><datacred>U.S Geological Survey; U.S. Forest Service; County of Maui Department of Water Supply;
County of Maui Department of Long-Range Planning;
State of Hawaii Commission on Water Resource Management</datacred><native>Environment as of Metadata Creation: Microsoft Windows 7 Version 6.1 (Build 7601) Service Pack 1; Esri ArcGIS 10.2.2 (Build 3552) Service Pack N/A (Build N/A)</native></idinfo><dataqual><attracc><attraccr>Because the components of the future land cover scenarios were created from the input of multiple stakeholders and interested parties, no formal attribute accuracy tests were conducted.</attraccr></attracc><logic>No spatial overlaps were found in the shapefile associated with this metadata file. Numerical values are within expected ranges.</logic><complete>Data set is considered complete for the information presented, as described in the abstract. Users are advised to read the rest of the metadata file carefully for additional details.</complete><posacc><horizpa><horizpar>A formal accuracy assessment of the horizontal positional information in the data set has not been conducted. The horizontal accuracy of the polygons of this data set is a function of the horizontal accuracies of all other data sets used to create this data set. The horizontal accuracy of each of the other data sets, however, typically was not quantified. Therefore, the horizontal accuracy of this dataset cannot be quantified. See the "Process Steps" section of this metadata file for a list of the other data sets that were used to define the geometry of the polygons in this data set.</horizpar></horizpa><vertacc><vertaccr>A formal accuracy assessment of the vertical positional information in the data set is not applicable.</vertaccr></vertacc></posacc><lineage><srcinfo><srccite><citeinfo><origin>Johnson, A.G.</origin><pubdate>20141114</pubdate><title>Mean annual water-budget components for the Island of Maui, Hawaii, 1978-2007.</title><geoform>Vector Digital Data Set</geoform><pubinfo><pubplace>Honolulu, Hawaii</pubplace><publish>U.S. Geological Survey</publish></pubinfo><onlink>http://water.usgs.gov/lookup/getspatial?sir2014-5168_Maui_water-budget_components</onlink></citeinfo></srccite><typesrc>Digital and/or Hardcopy Resources</typesrc><srctime><timeinfo><rngdates><begdate>1978</begdate><enddate>2010</enddate></rngdates></timeinfo><srccurr>publication date</srccurr></srctime><srccitea>Water budget</srccitea><srccontr>Spatially distributed groundwater recharge estimated using a water-budget model for the Island of Maui, Hawaii, 1978–2007.</srccontr></srcinfo><srcinfo><srccite><citeinfo><origin>Johnson, A.G.</origin><pubdate>2014</pubdate><title>Land use for the Island of Maui, Hawaii, circa 2010</title><geoform>Vector Digital Data Set</geoform><pubinfo><pubplace>Honolulu, Hawaii</pubplace><publish>U.S. Geological Survey</publish></pubinfo><onlink>http://water.usgs.gov/lookup/getspatial?maui_land_use_circa_2010</onlink></citeinfo></srccite><typesrc>Digital and/or Hardcopy Resources</typesrc><srctime><timeinfo><rngdates><begdate>2008</begdate><enddate>2010</enddate></rngdates></timeinfo><srccurr>publication date</srccurr></srctime><srccitea>2010 land cover</srccitea><srccontr>Source information used to define 2010 land cover.</srccontr></srcinfo><srcinfo><srccite><citeinfo><origin>Hawaii State Department of Agriculture</origin><pubdate>1977</pubdate><title>Agricultural Lands of Importance to the State of Hawaii</title><geoform>Vector Digital Data Set</geoform><pubinfo><pubplace>Honolulu, Hawaii</pubplace><publish>Office of State Planning</publish></pubinfo><onlink>http://planning.hawaii.gov/gis/download-gis-data/</onlink></citeinfo></srccite><typesrc>Digital and/or Hardcopy Resources</typesrc><srctime><timeinfo><sngdate><caldate>Unknown</caldate></sngdate></timeinfo><srccurr>publication date</srccurr></srctime><srccitea>ALISH</srccitea><srccontr>Source information used to define agricultural lands of importance.</srccontr></srcinfo><srcinfo><srccite><citeinfo><origin>Hawaii State Land Use Commission</origin><pubdate>2013</pubdate><title>Important Agricultural Lands</title><geoform>Vector Digital Data Set</geoform><pubinfo><pubplace>Honolulu, Hawaii</pubplace><publish>Office of State Planning</publish></pubinfo><onlink>http://planning.hawaii.gov/gis/download-gis-data/</onlink></citeinfo></srccite><typesrc>Digital and/or Hardcopy Resources</typesrc><srctime><timeinfo><sngdate><caldate>Unknown</caldate></sngdate></timeinfo><srccurr>publication date</srccurr></srctime><srccitea>IAL</srccitea><srccontr>Source information used to definine important agricultural lands.</srccontr></srcinfo><srcinfo><srccite><citeinfo><origin>Hawaii State Land Use Commission</origin><pubdate>2013</pubdate><title>State Land Use District Boundaries</title><geoform>Vector Digital Data Set</geoform><pubinfo><pubplace>Honolulu, Hawaii</pubplace><publish>Office of State Planning</publish></pubinfo><onlink>http://planning.hawaii.gov/gis/download-gis-data/</onlink></citeinfo></srccite><typesrc>Digital and/or Hardcopy Resources</typesrc><srctime><timeinfo><sngdate><caldate>Unknown</caldate></sngdate></timeinfo><srccurr>publication date</srccurr></srctime><srccitea>SLUD</srccitea><srccontr>Source information used to define land use districts.</srccontr></srcinfo><srcinfo><srccite><citeinfo><origin>National Park Service</origin><pubdate>2006</pubdate><title>National Park System Boundary Dataset</title><geoform>Vector Digital Data Set</geoform><pubinfo><pubplace>Washington, DC</pubplace><publish>Research and Innovative Technology Administration's Bureau of Transportation Statistics (RITA/BTS)</publish></pubinfo><onlink>http://lagic.lsu.edu/data/losco/national_parks_boundaries_BTS_2006.zip</onlink></citeinfo></srccite><typesrc>Digital and/or Hardcopy Resources</typesrc><srctime><timeinfo><sngdate><caldate>Unknown</caldate></sngdate></timeinfo><srccurr>publication date</srccurr></srctime><srccitea>NPS</srccitea><srccontr>Source information used to define National Park Service boundary.</srccontr></srcinfo><srcinfo><srccite><citeinfo><origin>State of Hawaii, Department of Land and Natural Resources, Department of Fish and Wildlife</origin><pubdate>2013</pubdate><title>Reserves</title><geoform>Vector Digital Data Set</geoform><pubinfo><pubplace>Honolulu, Hawaii</pubplace><publish>Department of Land and Natural Resources</publish></pubinfo><onlink>http://planning.hawaii.gov/gis/download-gis-data/</onlink></citeinfo></srccite><typesrc>Digital and/or Hardcopy Resources</typesrc><srctime><timeinfo><sngdate><caldate>Unknown</caldate></sngdate></timeinfo><srccurr>publication date</srccurr></srctime><srccitea>Reserves</srccitea><srccontr>Source information used to estimate state reserve areas.</srccontr></srcinfo><srcinfo><srccite><citeinfo><origin>Hawaii Department of Land and Natural Resources</origin><pubdate>2010</pubdate><title>Aquifers</title><geoform>Vector Digital Data Set</geoform><pubinfo><pubplace>Honolulu, Hawaii</pubplace><publish>Department of Land and Natural Resources</publish></pubinfo><onlink>http://planning.hawaii.gov/gis/download-gis-data/</onlink></citeinfo></srccite><typesrc>Digital and/or Hardcopy Resources</typesrc><srctime><timeinfo><sngdate><caldate>Unknown</caldate></sngdate></timeinfo><srccurr>publication date</srccurr></srctime><srccitea>Aquifers</srccitea><srccontr>Source information used to define state aquifer system boundaries.</srccontr></srcinfo><srcinfo><srccite><citeinfo><origin>Natural Resources Conservation Service</origin><pubdate>2006</pubdate><title>Soil survey geographic (SSURGO) database for the Island of Maui</title><geoform>Vector Digital Data Set</geoform><pubinfo><pubplace>Fort Worth, Texas</pubplace><publish>U.S. Department of Agriculture, Natural Resources Conservation Service</publish></pubinfo></citeinfo></srccite><typesrc>Digital and/or Hardcopy Resources</typesrc><srctime><timeinfo><sngdate><caldate>Unknown</caldate></sngdate></timeinfo><srccurr>publication date</srccurr></srctime><srccitea>Soil</srccitea><srccontr>Source information used to define potential biofuel cover.</srccontr></srcinfo><srcinfo><srccite><citeinfo><origin>County of Maui</origin><pubdate>2013</pubdate><title>The Maui Island Plan</title><geoform>Vector Digital Data Set</geoform><pubinfo><pubplace>Wailuku, Hawaii</pubplace><publish>Maui County Department of Long-Range Planning</publish></pubinfo></citeinfo></srccite><typesrc>Digital and/or Hardcopy Resources</typesrc><srctime><timeinfo><sngdate><caldate>Unknown</caldate></sngdate></timeinfo><srccurr>publication date</srccurr></srctime><srccitea>MIP</srccitea><srccontr>Source used to delineate the boundaries of future development projects.</srccontr></srcinfo><srcinfo><srccite><citeinfo><origin>U.S. Geological Survey, 2010</origin><pubdate>2010</pubdate><title>LANDFIRE Biophysical Settings (Refresh08)</title><geoform>Raster Digital Data Set</geoform><pubinfo><pubplace>Sioux Falls, South Dakota</pubplace><publish>Wildland Fire Science, Earth Resources Observation and Science Center</publish></pubinfo><onlink>http://landfire.cr.usgs.gov/viewer/</onlink></citeinfo></srccite><typesrc>Digital and/or Hardcopy Resources</typesrc><srctime><timeinfo><sngdate><caldate>Unknown</caldate></sngdate></timeinfo><srccurr>publication date</srccurr></srctime><srccitea>Land cover, 1870</srccitea><srccontr>Source information used to define 1870 land cover.</srccontr></srcinfo><srcinfo><srccite><citeinfo><origin>County of Maui</origin><pubdate>2013</pubdate><title>Maui Island Zoning</title><geoform>Vector Digital Data Set</geoform><pubinfo><pubplace>Wailuku, Hawaii</pubplace><publish>Maui County Department of Long-Range Planning</publish></pubinfo></citeinfo></srccite><typesrc>Digital and/or Hardcopy Resources</typesrc><srctime><timeinfo><sngdate><caldate>Unknown</caldate></sngdate></timeinfo><srccurr>Not Applicable</srccurr></srctime><srccitea>Zoning</srccitea><srccontr>Source information used to define urban development limitations.</srccontr></srcinfo><srcinfo><srccite><citeinfo><origin>Hawaii State Office of Planning</origin><pubdate>2013</pubdate><title>Statewide TMK Parcels</title><geoform>Vector Digital Data Set</geoform><pubinfo><pubplace>Honolulu, Hawaii</pubplace><publish>Hawaii State Office of Planning</publish></pubinfo><onlink>http://planning.hawaii.gov/gis/download-gis-data/</onlink></citeinfo></srccite><typesrc>Digital and/or Hardcopy Resources</typesrc><srctime><timeinfo><sngdate><caldate>Unknown</caldate></sngdate></timeinfo><srccurr>publication date</srccurr></srctime><srccitea>TMK</srccitea><srccontr>Source information used to determine tax parcel ownership.</srccontr></srcinfo><srcinfo><srccite><citeinfo><origin>Gon II, S.</origin><pubdate>2009</pubdate><title>Opportunities and constraints for intensive agriculture in the Hawaiian archipelago prior to European contact</title><geoform>Vector Digital Data Set</geoform><pubinfo><pubplace>Honolulu, Hawaii</pubplace><publish>The Nature Conservancy</publish></pubinfo></citeinfo></srccite><typesrc>Digital and/or Hardcopy Resources</typesrc><srctime><timeinfo><sngdate><caldate>Unknown</caldate></sngdate></timeinfo><srccurr>publication date</srccurr></srctime><srccitea>Taro</srccitea><srccontr>Source information used to dilineate taro suitability.</srccontr></srcinfo><srcinfo><srccite><citeinfo><origin>Vorsino, A.</origin><pubdate>2014</pubdate><title>Invasive species habitat suitability maps for Hawaii</title><geoform>Vector Digital Data Set</geoform><pubinfo><pubplace>Honolulu, Hawaii</pubplace><publish>U.S. Fish and Wildlife Service</publish></pubinfo></citeinfo></srccite><typesrc>Digital and/or Hardcopy Resources</typesrc><srctime><timeinfo><sngdate><caldate>Unknown</caldate></sngdate></timeinfo></srctime><srccitea>Invasive forest</srccitea><srccontr>Source information used to delineate invasive forest suitability.</srccontr></srcinfo><srcinfo><srccite><citeinfo><origin>Jacobi, J.</origin><pubdate>2005</pubdate><title>Hawaii Gap Analysis Program</title><geoform>Raster Digital Data Set</geoform><pubinfo><pubplace>Honolulu, Hawaii</pubplace><publish>Hawaii Gap Analysis Program</publish></pubinfo><onlink>http://hbmp.hawaii.edu/higap/downloads/</onlink></citeinfo></srccite><typesrc>Digital and/or Hardcopy Resources</typesrc><srctime><timeinfo><sngdate><caldate>Unknown</caldate></sngdate></timeinfo></srctime><srccitea>GAP</srccitea><srccontr>Source information used to delineate suitable native forest habitat.</srccontr></srcinfo><procstep><procdesc>Used the ArcGIS Update, Intersect, and Erase tools to create potential future land cover scenarios using stakeholder-selected components of the following files: 
(1) a mean annual water-budget shapefile developed by Johnson (2014a) for Maui Island
(2) a 2010 land-cover map developed by Johnson (2014b) on the basis of the LANDFIRE Existing Vegetation Type map (U.S. Geological Survey, 2010);
(3) a shapefile containing the Agricultural Lands of Importance to Hawaii (1977);
(4) a shapefile containing boundaries of Important Agricultural Lands designations (2013);
(5) a shapefile containing Hawaii State Land Use District Boundaries (2013); 
(6) a shapefile containing boundaries of U.S. National Parks; 
(7) a shapefile containing existing and planned fence boundaries by the Hawaii Department of Land and Natural Resources, The Nature Conservancy, and Watershed Alliances (2014); 
(8) a map of all Hawaii state and county reserves, parks, management areas, etc. (2013); 
(9) a map of aquifer systems as defined by the Hawaii Department of Land and Natural Resources (2010);
(10) a map of soil units (Natural Resources Conservation Service, 2006);
(11) a database of Maui Island development projects (2013); 
(12) the LANDFIRE Biophysical Settings data set (U.S. Geological Survey (2010);  
(13) a map of Maui Island urban growth boundaries (2013); 
(14) a map of Maui Island zoning (2013);
(15) a map of all Maui Island TMKs containing land ownership (2013);
(16) a map of pre-European contact intensive agricultural suitability for Maui Island (Gon II 2009)
(17) a shapefile converted from raster format of suitable habitat for invasive plants (Vorsino et al. 2014); and
(18) the Hawaii GAP Analysis project land cover map for Maui Island (2005).</procdesc><procdate>2015</procdate></procstep><procstep><procdesc>Four future scenario narratives were defined through repeated group interactions with stakeholders, and four future land cover maps were generated based on their input and information contained in the 18 files listed above. 
(I) Low Development, High Forest Conservation Scenario: The land cover for this scenario reflects a low development future with emphasis on native forest protection and restoration, and the addition of diversified agriculture and biofuel production for island self-sufficiency. For this scenario, the 2010 Sparsely vegetated cover, 2010 Shrubland, 2010 Fallow/grassland, 2010 Grassland, 2010 Sugarcane, 2010 Pineapple, and 2010 Macadamia land cover classes from Johnson 2014b were used as a starting point. They were updated with Native and Alien forest cover derived from the GAP program, Vorsino et al. 2014, future planned fencing, and a buffer protecting native forests within 1 km of planned fenced regions. This was updated with 2010 Tree plantation cover to maintain tree plantations in areas that would have otherwise been invaded. This was updated with new biofuels (falls under the land cover class Diversified agriculture) in areas that were suitable based on NRCS soil units and Important Agricultural Lands, and conversion of existing agricultural lands to additional biofuel. Land cover classes within ranch land holdings were modified to reflect native forest protection. New Diversified agriculture added to suitable regions of BioLogical Capital land in East Maui. Areas suitable for taro cultivation were added by selecting “irrigated wetland” and “irrigated wetland and rain-fed dryland” regions from Ladefoged et al. 2009. This was updated with the more conservative Developed coverages derived for this scenario. A Department of Hawaiian Homelands parcel in West Maui updated for biofuel “Diversified agriculture” coverage, and the entire land cover map was then updated with 2010 Diversified agriculture, 2010 Taro, 2010 Coffee, 2010 Golf course, 2010 Water body, 2010 Wetland, and lastly, 2010 Reservoir.
(II) Business-as-Usual Scenario: The land cover for this scenario represents a status quo trajectory of urban development, continued sugarcane production, and moderate investments in native forest protection. For this scenario, the 2010 Sparsely vegetated cover, 2010 Shrubland, 2010 Fallow/grassland, 2010 Grassland, and 2010 Sugarcane classes from Johnson 2014b were used as a starting point. Native and Alien forest cover was then derived from the 2010 map, Vorsino et al. 2014, and future planned fencing projects. This was updated with 2010 Tree plantation cover to maintain tree plantations in areas that would have otherwise been invaded. Grassland on Maui Land and Pineapple lands in West Maui were added, and ranchlands were updated to include additional tree plantations in areas that were historically suitable based on the Landfire Biophysical Settings layer. New Diversified agriculture was added to suitable regions of BioLogical Capital land in East Maui. This was updated with 2010 Coffee, 2010 Pineapple, 2010 Taro, and 2010 Diversified agriculture. Developed coverages were created based on almost complete build-out of the Maui Island Plan, and finally the 2010 Macadamia, 2010 Golf course, 2010 Water body, 2010 Wetland, and 2010 Reservoir classes were updated to complete the scenario.
(III) Aggressive Development and Energy Scenario: The land cover for this scenario represents a high-development future to accommodate a booming tourism industry, and the associated demands for low-cost energy supplies. It also represents a decline in locally-produced agriculture and native forest protection. For this scenario, the 2010 Sparsely vegetated cover, 2010 Shrubland, 2010 Fallow/grassland, 2010 Grassland, 2010 Sugarcane, 2010 Pineapple, 2010 Macadamia, 2010 Coffee, 2010 Pineapple, 2010 Taro, 2010 Tree plantation, and 2010 Diversified agriculture classes from Johnson 2014b were used as a starting point. Native forest cover was derived from the 2010 map and the worst-case scenario of Alien forest from Vorsino et al. 2014 projections with no new fencing projects. Hawaii Commercial and Sugar land holdings were updated with a mixed biofuel (Diversified agriculture, where NRCS data implies suitable soils) and Fallow/grassland cover. Ranchlands only contain tree plantations in areas not already replaced with Alien forest cover. This was updated with 2010 Wetland and 2010 Golf course. Developed coverages were based on complete build-out of all proposed development projects, with additional development reaching the limit of urban growth according to the State Land Use District Boundaries. Finally 2010 Water body and 2010 Reservoir were updated to complete the land cover.
(IV) Balanced Development and Forest Conservation Scenario: The final scenario represents a balanced future in which development for tourism and population growth is high along with investment in native forest protection. Locally-produced energy and agriculture are also priorities. The 2010 Sparsely vegetated land cover, 2010 Shrubland, 2010 Fallow/grassland, and 2010 Grassland covers from Johnson 2014b were used as a starting point. This was updated using the Native and alien forest cover derived for the Low Development, High Forest Protection Scenario, followed by 2010 Tree plantation to maintain areas that would have otherwise been invaded. On Important Agricultural Lands owned by Hawaii Commercial and Sugar, converted 2010 Sugarcane to Diversified agriculture and the remaining HC&amp;S land was converted to Fallow/grassland. Grassland on Maui Land and Pineapple lands in West Maui were added, and ranchlands were updated to include additional tree plantations in areas that were historically suitable based on the Landfire Biophysical Settings layer. New Diversified agriculture was added to suitable regions of BioLogical Capital land in East Maui. This was updated with 2010 Coffee and 2010 Pineapple. Areas suitable for taro cultivation were added by selecting “irrigated wetland” and “irrigated wetland and rain-fed dryland” regions from Gon II 2009. This was updated with the Developed coverages that were derived for the Aggressive Development and Energy Scenario. A Department of Hawaiian Homelands parcel in West Maui was updated for biofuel “Diversified agriculture” coverage, and the entire land cover map was then updated with 2010 Diversified agriculture, 2010 Taro, 2010 Golf course, 2010 Water body, 2010 Wetland, and lastly, 2010 Reservoir.</procdesc><procdate>2015</procdate></procstep><procstep><procdesc>Used the ArcGIS Dissolve tool to dissolve all polygons by all attributes.</procdesc><procdate>2015</procdate></procstep><procstep><procdesc>Used the ArcGIS Eliminate tool to merge selected small polygons with adjacent large polygons. Selected polygons that were eliminated had an area less than 900 square meters.</procdesc><procdate>2015</procdate></procstep><procstep><procdesc>Added “Source” and “ilu” land cover code information to each scenario’s land cover classes, to match codes from the 2010 map (Johnson 2014b).</procdesc><procdate>2015</procdate></procstep><procstep><procdesc>Converted the master water-budget polygon shapefile (Johnson 2014a)  to a point feature dataset by polygon centroid. The Intersect tool was used to join the centroids to the land cover scenario maps. The results of the intersection were joined with the original water-budget polygon shapefile, and all unnecessary fields were deleted. Summarized changes in tabular format to identify any land cover changes that were unintentional for correction.</procdesc><procdate>2015</procdate></procstep></lineage></dataqual><spdoinfo><direct>Vector</direct><ptvctinf><esriterm Name="Maui_future_land_cover_scenarios"><efeatyp Sync="TRUE">Simple</efeatyp><efeageom code="4" Sync="TRUE"></efeageom><esritopo Sync="TRUE">FALSE</esritopo><efeacnt Sync="TRUE">318428</efeacnt><spindex Sync="TRUE">FALSE</spindex><linrefer Sync="TRUE">FALSE</linrefer></esriterm></ptvctinf></spdoinfo><spref><horizsys><planar><planci><plance>coordinate pair</plance><coordrep><absres>0.6096</absres><ordres>0.6096</ordres></coordrep><plandu>Meter</plandu></planci></planar><geodetic><horizdn>D_North_American_1983</horizdn><ellips>GRS_1980</ellips><semiaxis>6378137.0</semiaxis><denflat>298.257222101</denflat></geodetic></horizsys></spref><eainfo><detailed Name="Maui_future_land_cover_scenarios"><enttyp><enttypl>Attribute Table</enttypl><enttypd>Table containing attribute information associated with the data set.</enttypd><enttypds>Producer defined</enttypds><enttypt Sync="TRUE">Feature Class</enttypt><enttypc Sync="TRUE">318428</enttypc></enttyp><attr><attrlabl Sync="TRUE">FID</attrlabl><attalias Sync="TRUE">FID</attalias><attrtype Sync="TRUE">OID</attrtype><attwidth Sync="TRUE">4</attwidth><atprecis Sync="TRUE">0</atprecis><attscale Sync="TRUE">0</attscale><attrdef Sync="TRUE">Internal feature number.</attrdef><attrdefs Sync="TRUE">Esri</attrdefs><attrdomv><udom Sync="TRUE">Sequential unique whole numbers that are automatically generated.</udom></attrdomv></attr><attr><attrlabl Sync="TRUE">Shape</attrlabl><attalias Sync="TRUE">Shape</attalias><attrtype Sync="TRUE">Geometry</attrtype><attwidth Sync="TRUE">0</attwidth><atprecis Sync="TRUE">0</atprecis><attscale Sync="TRUE">0</attscale><attrdef Sync="TRUE">Feature geometry.</attrdef><attrdefs Sync="TRUE">Esri</attrdefs><attrdomv><udom Sync="TRUE">Coordinates defining the features.</udom></attrdomv></attr><attr><attrlabl>POLYGON_ID</attrlabl><attrdef>Unique identification number of each water-budget subarea</attrdef><attrdefs>GIS data set "Mean annual water-budget components for the Island of Maui, Hawaii, 1978-2007," available at http://water.usgs.gov/GIS/metadata/usgswrd/XML/sir2014-5168_Maui_water-budget_components.xml</attrdefs><attrdomv><rdom><rdommin>1</rdommin><rdommax>318429</rdommax><attrunit>Integer</attrunit></rdom></attrdomv><attalias Sync="TRUE">POLYGON_ID</attalias><attrtype Sync="TRUE">Integer</attrtype><attwidth Sync="TRUE">6</attwidth><atprecis Sync="TRUE">6</atprecis><attscale Sync="TRUE">0</attscale></attr><attr><attrlabl>AREA_SQ_M</attrlabl><attrdef>Area, in square meters</attrdef><attrdefs>GIS data set "Mean annual water-budget components for the Island of Maui, Hawaii, 1978-2007," available at http://water.usgs.gov/GIS/metadata/usgswrd/XML/sir2014-5168_Maui_water-budget_components.xml</attrdefs><attrdomv><rdom><rdommin>0.001</rdommin><rdommax>58499.012</rdommax><attrunit>square meters</attrunit></rdom></attrdomv><attalias Sync="TRUE">AREA_SQ_M</attalias><attrtype Sync="TRUE">Double</attrtype><attwidth Sync="TRUE">19</attwidth><atprecis Sync="TRUE">18</atprecis><attscale Sync="TRUE">3</attscale></attr><attr><attrlabl>LC_2010</attrlabl><attrdef>Name of land cover or vegetation, 2010</attrdef><attrdefs>GIS dataset “Land use for the Island of Maui, Hawaii, circa 2010” (Johnson, 2014), available at http://water.usgs.gov/lookup/getspatial?maui_land_use_circa_2010.</attrdefs><attrdomv><edom><edomv>Alien forest</edomv><edomvd>Land cover is alien forest</edomvd><edomvds>Producer defined</edomvds></edom></attrdomv><attrdomv><edom><edomv>Coffee</edomv><edomvd>Land cover is coffee</edomvd><edomvds>Producer defined</edomvds></edom></attrdomv><attrdomv><edom><edomv>Developed, high-intensity</edomv><edomvd>Land cover is developed, high-intensity</edomvd><edomvds>Producer defined</edomvds></edom></attrdomv><attrdomv><edom><edomv>Developed, low-intensity</edomv><edomvd>Land cover is developed, low-intensity</edomvd><edomvds>Producer defined</edomvds></edom></attrdomv><attrdomv><edom><edomv>Developed, medium-intensity</edomv><edomvd>Land cover is developed, medium-intensity</edomvd><edomvds>Producer defined</edomvds></edom></attrdomv><attrdomv><edom><edomv>Developed, open space</edomv><edomvd>Land cover is developed, open space</edomvd><edomvds>Producer defined</edomvds></edom></attrdomv><attrdomv><edom><edomv>Diversified agriculture</edomv><edomvd>Land cover is diversified agriculture</edomvd><edomvds>Producer defined</edomvds></edom></attrdomv><attrdomv><edom><edomv>Fallow/grassland</edomv><edomvd>Land cover is fallow/grassland</edomvd><edomvds>Producer defined</edomvds></edom></attrdomv><attrdomv><edom><edomv>Golf course</edomv><edomvd>Land cover is golf course</edomvd><edomvds>Producer defined</edomvds></edom></attrdomv><attrdomv><edom><edomv>Grassland</edomv><edomvd>Land cover is grassland</edomvd><edomvds>Producer defined</edomvds></edom></attrdomv><attrdomv><edom><edomv>Macadamia</edomv><edomvd>Land cover is macadamia</edomvd><edomvds>Producer defined</edomvds></edom></attrdomv><attrdomv><edom><edomv>Native forest</edomv><edomvd>Land cover is native forest</edomvd><edomvds>Producer defined</edomvds></edom></attrdomv><attrdomv><edom><edomv>Pineapple</edomv><edomvd>Land cover is pineapple</edomvd><edomvds>Producer defined</edomvds></edom></attrdomv><attrdomv><edom><edomv>Reservoir</edomv><edomvd>Land cover is reservoir</edomvd><edomvds>Producer defined</edomvds></edom></attrdomv><attrdomv><edom><edomv>Shrubland</edomv><edomvd>Land cover is shrubland</edomvd><edomvds>Producer defined</edomvds></edom></attrdomv><attrdomv><edom><edomv>Sparsely vegetated</edomv><edomvd>Land cover is sparsely vegetated</edomvd><edomvds>Producer defined</edomvds></edom></attrdomv><attrdomv><edom><edomv>Sugarcane</edomv><edomvd>Land cover is sugarcane</edomvd><edomvds>Producer defined</edomvds></edom></attrdomv><attrdomv><edom><edomv>Taro</edomv><edomvd>Land cover is taro</edomvd><edomvds>Producer defined</edomvds></edom></attrdomv><attrdomv><edom><edomv>Tree plantation</edomv><edomvd>Land cover is tree plantation</edomvd><edomvds>Producer defined</edomvds></edom></attrdomv><attrdomv><edom><edomv>Water body</edomv><edomvd>Land cover is water body but is not a reservoir.</edomvd><edomvds>Producer defined</edomvds></edom></attrdomv><attrdomv><edom><edomv>Wetland</edomv><edomvd>Land cover is wetland</edomvd><edomvds>Producer defined</edomvds></edom></attrdomv><attalias Sync="TRUE">LC_2010</attalias><attrtype Sync="TRUE">String</attrtype><attwidth Sync="TRUE">254</attwidth><atprecis Sync="TRUE">0</atprecis><attscale Sync="TRUE">0</attscale></attr><attr><attrlabl>LC_Scen_3</attrlabl><attrdef>Name of land cover or vegetation, future scenario depicting low development, high forest conservation</attrdef><attrdefs>Pacific RISA</attrdefs><attrdomv><edom><edomv>Alien forest</edomv><edomvd>Land cover is alien forest</edomvd><edomvds>Johnson 2014 land use for the island of Maui, Hawaii, circa 2010, Vorsino et al. 2014 invasive species habitat suitability maps for albizia, miconia, strawberry guava, and Christmas berry.</edomvds></edom></attrdomv><attrdomv><edom><edomv>Coffee</edomv><edomvd>Land cover is coffee</edomvd><edomvds>Johnson 2014 land use for the island of Maui, Hawaii, circa 2010</edomvds></edom></attrdomv><attrdomv><edom><edomv>Developed, high-intensity</edomv><edomvd>Land cover is developed, high-intensity</edomvd><edomvds>Johnson 2014 land use for the island of Maui, Hawaii, circa 2010, Maui Island Plan development projects database 2013.</edomvds></edom></attrdomv><attrdomv><edom><edomv>Developed, low-intensity</edomv><edomvd>Land cover is developed, low-intensity</edomvd><edomvds>Johnson 2014 land use for the island of Maui, Hawaii, circa 2010, Maui Island Plan development projects database 2013.</edomvds></edom></attrdomv><attrdomv><edom><edomv>Developed, medium-intensity</edomv><edomvd>Land cover is developed, medium-intensity</edomvd><edomvds>Johnson 2014 land use for the island of Maui, Hawaii, circa 2010, Maui Island Plan development projects database 2013.</edomvds></edom></attrdomv><attrdomv><edom><edomv>Developed, open space</edomv><edomvd>Land cover is developed, open space</edomvd><edomvds>Johnson 2014 land use for the island of Maui, Hawaii, circa 2010, Maui Island Plan development projects database 2013.</edomvds></edom></attrdomv><attrdomv><edom><edomv>Diversified agriculture</edomv><edomvd>Land cover is diversified agriculture</edomvd><edomvds>Johnson 2014 land use for the island of Maui, Hawaii, circa 2010, ALISH type = Prime/1, USDA NRCS "prime farmland if irrigated" or "All areas prime", potential Department of Hawaiian Homelands biofuel project in W Maui, potential BioLogical Capital organic farm in E Maui.</edomvds></edom></attrdomv><attrdomv><edom><edomv>Fallow/grassland</edomv><edomvd>Land cover is fallow/grassland</edomvd><edomvds>Johnson 2014 land use for the island of Maui, Hawaii, circa 2010.</edomvds></edom></attrdomv><attrdomv><edom><edomv>Golf course</edomv><edomvd>Land cover is golf course</edomvd><edomvds>Johnson 2014 land use for the island of Maui, Hawaii, circa 2010.</edomvds></edom></attrdomv><attrdomv><edom><edomv>Grassland</edomv><edomvd>Land cover is grassland</edomvd><edomvds>Johnson 2014 land use for the island of Maui, Hawaii, circa 2010, proposed grass/rangelands on Maui Land and Pineapple land in West Maui.</edomvds></edom></attrdomv><attrdomv><edom><edomv>Macadamia</edomv><edomvd>Land cover is macadamia</edomvd><edomvds>Johnson 2014 land use for the island of Maui, Hawaii, circa 2010.</edomvds></edom></attrdomv><attrdomv><edom><edomv>Native forest</edomv><edomvd>Land cover is native forest</edomvd><edomvds>Johnson 2014 land use for the island of Maui, Hawaii, circa 2010, Hawaii GAP Analysis Program 2005.</edomvds></edom></attrdomv><attrdomv><edom><edomv>Pineapple</edomv><edomvd>Land cover is pineapple</edomvd><edomvds>Johnson 2014 land use for the island of Maui, Hawaii, circa 2010.</edomvds></edom></attrdomv><attrdomv><edom><edomv>Reservoir</edomv><edomvd>Land cover is reservoir</edomvd><edomvds>Johnson 2014 land use for the island of Maui, Hawaii, circa 2010.</edomvds></edom></attrdomv><attrdomv><edom><edomv>Shrubland</edomv><edomvd>Land cover is shrubland</edomvd><edomvds>Johnson 2014 land use for the island of Maui, Hawaii, circa 2010.</edomvds></edom></attrdomv><attrdomv><edom><edomv>Sparsely vegetated</edomv><edomvd>Land cover is sparsely vegetated</edomvd><edomvds>Johnson 2014 land use for the island of Maui, Hawaii, circa 2010.</edomvds></edom></attrdomv><attrdomv><edom><edomv>Sugarcane</edomv><edomvd>Land cover is sugarcane</edomvd><edomvds>Johnson 2014 land use for the island of Maui, Hawaii, circa 2010.</edomvds></edom></attrdomv><attrdomv><edom><edomv>Taro</edomv><edomvd>Land cover is taro</edomvd><edomvds>Johnson 2014 land use for the island of Maui, Hawaii, circa 2010, Ladefoged et al. 2009 lands defined as pre-contact "irrigated wetland" or "irrigated wetland and rain-fed dryland".</edomvds></edom></attrdomv><attrdomv><edom><edomv>Tree plantation</edomv><edomvd>Land cover is tree plantation</edomvd><edomvds>Johnson 2014 land use for the island of Maui, Hawaii, circa 2010.</edomvds></edom></attrdomv><attrdomv><edom><edomv>Water body</edomv><edomvd>Land cover is water body, but not a reservoir</edomvd><edomvds>Johnson 2014 land use for the island of Maui, Hawaii, circa 2010.</edomvds></edom></attrdomv><attrdomv><edom><edomv>Wetland</edomv><edomvd>Land cover is wetland</edomvd><edomvds>Johnson 2014 land use for the island of Maui, Hawaii, circa 2010.</edomvds></edom></attrdomv><attalias Sync="TRUE">LC_Scen_3</attalias><attrtype Sync="TRUE">String</attrtype><attwidth Sync="TRUE">50</attwidth><atprecis Sync="TRUE">0</atprecis><attscale Sync="TRUE">0</attscale></attr><attr><attrlabl>iluS3</attrlabl><attrdef>Identification number of  future scenario land cover classes depicting low development, high forest conservation</attrdef><attrdefs>U.S. Geological Survey</attrdefs><attrdomv><rdom><rdommin>1</rdommin><rdommax>25</rdommax></rdom></attrdomv><attalias Sync="TRUE">iluS3</attalias><attrtype Sync="TRUE">SmallInteger</attrtype><attwidth Sync="TRUE">4</attwidth><atprecis Sync="TRUE">4</atprecis><attscale Sync="TRUE">0</attscale></attr><attr><attrlabl>Source_S_3</attrlabl><attrdef>Source(s) of derived future land cover for scenario depicting low development, high forest conservation</attrdef><attrdefs>Pacific RISA</attrdefs><attrdomv><edom><edomv>Johnson 2014 land use for the island of Maui, Hawaii, circa 2010</edomv><edomvd>Unknown</edomvd><edomvds>Producer defined</edomvds></edom></attrdomv><attrdomv><edom><edomv>Johnson 2014 land use for the island of Maui, Hawaii, circa 2010, ALISH type = Prime/1, USDA NRCS "prime farmland if irrigated" or "All areas prime", proposed DHHL biofuel project in W Maui, proposed BioLogical Capital organic farm in E Maui</edomv><edomvd>Unknown</edomvd><edomvds>Producer defined</edomvds></edom></attrdomv><attrdomv><edom><edomv>Johnson 2014 land use for the island of Maui, Hawaii, circa 2010, Hawaii GAP Analysis Program 2005</edomv><edomvd>Unknown</edomvd><edomvds>Producer defined</edomvds></edom></attrdomv><attrdomv><edom><edomv>Johnson 2014 land use for the island of Maui, Hawaii, circa 2010, Ladefoged et al. 2009 lands defined as pre-contact "irrigated wetland" or "irrigated wetland and rain-fed dryland"</edomv><edomvd>Unknown</edomvd><edomvds>Producer defined</edomvds></edom></attrdomv><attrdomv><edom><edomv>Johnson 2014 land use for the island of Maui, Hawaii, circa 2010, Maui Island Plan development projects database 2013</edomv><edomvd>Unknown</edomvd><edomvds>Producer defined</edomvds></edom></attrdomv><attrdomv><edom><edomv>Johnson 2014 land use for the island of Maui, Hawaii, circa 2010, proposed grass/rangelands on Maui Land and Pineapple land in West Maui</edomv><edomvd>Unknown</edomvd><edomvds>Producer defined</edomvds></edom></attrdomv><attrdomv><edom><edomv>Johnson 2014 land use for the island of Maui, Hawaii, circa 2010, Vorsino et al. 2014 invasive species habitat suitability maps for albizia, miconia, strawberry guava, and Christmas berry</edomv><edomvd>Unknown</edomvd><edomvds>Producer defined</edomvds></edom></attrdomv><attalias Sync="TRUE">Source_S_3</attalias><attrtype Sync="TRUE">String</attrtype><attwidth Sync="TRUE">254</attwidth><atprecis Sync="TRUE">0</atprecis><attscale Sync="TRUE">0</attscale></attr><attr><attrlabl>LC_Scen_4</attrlabl><attrdef>Name of land cover or vegetation, future scenario depicting business-as-usual</attrdef><attrdefs>Pacific RISA</attrdefs><attrdomv><edom><edomv>Alien forest</edomv><edomvd>Land cover is alien forest</edomvd><edomvds>Johnson 2014 land use for the island of Maui, Hawaii, circa 2010, Vorsino et al. 2014 invasive species habitat suitability maps for albizia, miconia, strawberry guava, and Christmas berry.</edomvds></edom></attrdomv><attrdomv><edom><edomv>Coffee</edomv><edomvd>Land cover is coffee</edomvd><edomvds>Johnson 2014 land use for the island of Maui, Hawaii, circa 2010.</edomvds></edom></attrdomv><attrdomv><edom><edomv>Developed, high-intensity</edomv><edomvd>Land cover is developed, high-intensity</edomvd><edomvds>Johnson 2014 land use for the island of Maui, Hawaii, circa 2010, Maui Island Plan development projects database 2013.</edomvds></edom></attrdomv><attrdomv><edom><edomv>Developed, low-intensity</edomv><edomvd>Land cover is developed, low-intensity</edomvd><edomvds>Johnson 2014 land use for the island of Maui, Hawaii, circa 2010, Maui Island Plan development projects database 2013.</edomvds></edom></attrdomv><attrdomv><edom><edomv>Developed, medium-intensity</edomv><edomvd>Land cover is developed, medium-intensity</edomvd><edomvds>Johnson 2014 land use for the island of Maui, Hawaii, circa 2010, Maui Island Plan development projects database 2013.</edomvds></edom></attrdomv><attrdomv><edom><edomv>Developed, open space</edomv><edomvd>Land cover is developed, open space</edomvd><edomvds>Johnson 2014 land use for the island of Maui, Hawaii, circa 2010, Maui Island Plan development projects database 2013.</edomvds></edom></attrdomv><attrdomv><edom><edomv>Diversified agriculture</edomv><edomvd>Land cover is diversified agriculture</edomvd><edomvds>Johnson 2014 land use for the island of Maui, Hawaii, circa 2010, potential biofuel development project on Department of Hawaiian Homelands land in West Maui, potential organic farm on BioLogical Capital land in East Maui.</edomvds></edom></attrdomv><attrdomv><edom><edomv>Fallow/grassland</edomv><edomvd>Land cover is fallow/grassland</edomvd><edomvds>Johnson 2014 land use for the island of Maui, Hawaii, circa 2010.</edomvds></edom></attrdomv><attrdomv><edom><edomv>Golf course</edomv><edomvd>Land cover is golf course</edomvd><edomvds>Johnson 2014 land use for the island of Maui, Hawaii, circa 2010.</edomvds></edom></attrdomv><attrdomv><edom><edomv>Grassland</edomv><edomvd>Land cover is grassland</edomvd><edomvds>Johnson 2014 land use for the island of Maui, Hawaii, circa 2010, potential grass/rangelands on Maui Land and Pineapple land in West Maui.</edomvds></edom></attrdomv><attrdomv><edom><edomv>Macadamia</edomv><edomvd>Land cover is macadamia</edomvd><edomvds>Johnson 2014 land use for the island of Maui, Hawaii, circa 2010.</edomvds></edom></attrdomv><attrdomv><edom><edomv>Native forest</edomv><edomvd>Land cover is native forest</edomvd><edomvds>Johnson 2014 land use for the island of Maui, Hawaii, circa 2010, Hawaii GAP Analysis Program 2005.</edomvds></edom></attrdomv><attrdomv><edom><edomv>Pineapple</edomv><edomvd>Land cover is pineapple</edomvd><edomvds>Johnson 2014 land use for the island of Maui, Hawaii, circa 2010.</edomvds></edom></attrdomv><attrdomv><edom><edomv>Reservoir</edomv><edomvd>Land cover is reservoir</edomvd><edomvds>Johnson 2014 land use for the island of Maui, Hawaii, circa 2010.</edomvds></edom></attrdomv><attrdomv><edom><edomv>Shrubland</edomv><edomvd>Land cover is shrubland</edomvd><edomvds>Johnson 2014 land use for the island of Maui, Hawaii, circa 2010.</edomvds></edom></attrdomv><attrdomv><edom><edomv>Sparsely vegetated</edomv><edomvd>Land cover is sparsely vegetated</edomvd><edomvds>Johnson 2014 land use for the island of Maui, Hawaii, circa 2010.</edomvds></edom></attrdomv><attrdomv><edom><edomv>Sugarcane</edomv><edomvd>Land cover is sugarcane</edomvd><edomvds>Johnson 2014 land use for the island of Maui, Hawaii, circa 2010.</edomvds></edom></attrdomv><attrdomv><edom><edomv>Taro</edomv><edomvd>Land cover is taro</edomvd><edomvds>Johnson 2014 land use for the island of Maui, Hawaii, circa 2010.</edomvds></edom></attrdomv><attrdomv><edom><edomv>Tree plantation</edomv><edomvd>Land cover is tree plantation</edomvd><edomvds>Johnson 2014 land use for the island of Maui, Hawaii, circa 2010, potential tree plantation where Hawaii Mesic Lowland Forest category from LANDFIRE 2010 Biophysical Settings Layer falls within boundaries of Ulupalakua and Haleakala Ranches.</edomvds></edom></attrdomv><attrdomv><edom><edomv>Water body</edomv><edomvd>Land cover is water body, but not a reservoir</edomvd><edomvds>Johnson 2014 land use for the island of Maui, Hawaii, circa 2010.</edomvds></edom></attrdomv><attrdomv><edom><edomv>Wetland</edomv><edomvd>Land cover is wetland</edomvd><edomvds>Johnson 2014 land use for the island of Maui, Hawaii, circa 2010.</edomvds></edom></attrdomv><attalias Sync="TRUE">LC_Scen_4</attalias><attrtype Sync="TRUE">String</attrtype><attwidth Sync="TRUE">254</attwidth><atprecis Sync="TRUE">0</atprecis><attscale Sync="TRUE">0</attscale></attr><attr><attrlabl>iluS4</attrlabl><attrdef>Identification of future scenario land cover classes depicting business-as-usual</attrdef><attrdefs>U.S. Geological Survey</attrdefs><attrdomv><rdom><rdommin>1</rdommin><rdommax>25</rdommax></rdom></attrdomv><attalias Sync="TRUE">iluS4</attalias><attrtype Sync="TRUE">SmallInteger</attrtype><attwidth Sync="TRUE">4</attwidth><atprecis Sync="TRUE">4</atprecis><attscale Sync="TRUE">0</attscale></attr><attr><attrlabl>Source_S_4</attrlabl><attrdef>Source(s) of derived future land cover for scenario depicting business-as-usual</attrdef><attrdefs>Pacific RISA</attrdefs><attrdomv><edom><edomv>Johnson 2014 land use for the island of Maui, Hawaii, circa 2010</edomv><edomvd>Unknown</edomvd><edomvds>Producer defined</edomvds></edom></attrdomv><attrdomv><edom><edomv>Johnson 2014 land use for the island of Maui, Hawaii, circa 2010, Hawaii GAP Analysis Program 2005</edomv><edomvd>Unknown</edomvd><edomvds>Producer defined</edomvds></edom></attrdomv><attrdomv><edom><edomv>Johnson 2014 land use for the island of Maui, Hawaii, circa 2010, Maui Island Plan development projects database 2013</edomv><edomvd>Unknown</edomvd><edomvds>Producer defined</edomvds></edom></attrdomv><attrdomv><edom><edomv>Johnson 2014 land use for the island of Maui, Hawaii, circa 2010, proposed biofuel development project on DHHL land in West Maui, proposed organic farm on BioLogical Capital land in East Maui</edomv><edomvd>Unknown</edomvd><edomvds>Producer defined</edomvds></edom></attrdomv><attrdomv><edom><edomv>Johnson 2014 land use for the island of Maui, Hawaii, circa 2010, proposed grass/rangelands on Maui Land and Pineapple land in West Maui</edomv><edomvd>Unknown</edomvd><edomvds>Producer defined</edomvds></edom></attrdomv><attrdomv><edom><edomv>Johnson 2014 land use for the island of Maui, Hawaii, circa 2010, proposed tree plantation where Hawaii Mesic Lowland Forest category from LANDFIRE 2010 Biophysical Settings Layer falls within boundaries of Ulupalakua and Haleakala Ranches</edomv><edomvd>Unknown</edomvd><edomvds>Producer defined</edomvds></edom></attrdomv><attrdomv><edom><edomv>Johnson 2014 land use for the island of Maui, Hawaii, circa 2010, Vorsino et al. 2014 invasive species habitat suitability maps for albizia, miconia, strawberry guava, and Christmas berry</edomv><edomvd>Unknown</edomvd><edomvds>Producer defined</edomvds></edom></attrdomv><attalias Sync="TRUE">Source_S_4</attalias><attrtype Sync="TRUE">String</attrtype><attwidth Sync="TRUE">254</attwidth><atprecis Sync="TRUE">0</atprecis><attscale Sync="TRUE">0</attscale></attr><attr><attrlabl>LC_Scen_5</attrlabl><attrdef>Name of land cover or vegetation, future scenario depicting aggressive development and energy focus</attrdef><attrdefs>Pacific RISA</attrdefs><attrdomv><edom><edomv>Alien forest</edomv><edomvd>Land cover is alien forest</edomvd><edomvds>Johnson 2014 land use for the island of Maui, Hawaii, circa 2010, Vorsino et al. 2014 invasive species habitat suitability maps for albizia, miconia, strawberry guava, and Christmas berry.</edomvds></edom></attrdomv><attrdomv><edom><edomv>Coffee</edomv><edomvd>Land cover is coffee</edomvd><edomvds>Johnson 2014 land use for the island of Maui, Hawaii, circa 2010.</edomvds></edom></attrdomv><attrdomv><edom><edomv>Developed, high-intensity</edomv><edomvd>Land cover is developed, high-intensity</edomvd><edomvds>Johnson 2014 land use for the island of Maui, Hawaii, circa 2010, Maui Island Plan development projects database 2013.</edomvds></edom></attrdomv><attrdomv><edom><edomv>Developed, low-intensity</edomv><edomvd>Land cover is developed, low-intensity</edomvd><edomvds>Johnson 2014 land use for the island of Maui, Hawaii, circa 2010, Maui Island Plan development projects database 2013.</edomvds></edom></attrdomv><attrdomv><edom><edomv>Developed, medium-intensity</edomv><edomvd>Land cover is developed, medium-intensity</edomvd><edomvds>Johnson 2014 land use for the island of Maui, Hawaii, circa 2010, Maui Island Plan development projects database 2013.</edomvds></edom></attrdomv><attrdomv><edom><edomv>Developed, open space</edomv><edomvd>Land cover is developed, open space</edomvd><edomvds>Johnson 2014 land use for the island of Maui, Hawaii, circa 2010, Maui Island Plan development projects database 2013.</edomvds></edom></attrdomv><attrdomv><edom><edomv>Diversified agriculture</edomv><edomvd>Land cover is diversified agriculture</edomvd><edomvds>Johnson 2014 land use for the island of Maui, Hawaii, circa 2010, potential diversified agriculture on Hawaii Commercial and Sugar land in central Maui.</edomvds></edom></attrdomv><attrdomv><edom><edomv>Fallow/grassland</edomv><edomvd>Land cover is fallow/grassland</edomvd><edomvds>Johnson 2014 land use for the island of Maui, Hawaii, circa 2010, potential fallow Hawaii Commercial and Sugar land in central Maui, proposed fallow Maui Land and Pineapple land in West Maui.</edomvds></edom></attrdomv><attrdomv><edom><edomv>Golf course</edomv><edomvd>Land cover is golf course</edomvd><edomvds>Johnson 2014 land use for the island of Maui, Hawaii, circa 2010.</edomvds></edom></attrdomv><attrdomv><edom><edomv>Grassland</edomv><edomvd>Land cover is grassland</edomvd><edomvds>Johnson 2014 land use for the island of Maui, Hawaii, circa 2010.</edomvds></edom></attrdomv><attrdomv><edom><edomv>Macadamia</edomv><edomvd>Land cover is macadamia</edomvd><edomvds>Johnson 2014 land use for the island of Maui, Hawaii, circa 2010.</edomvds></edom></attrdomv><attrdomv><edom><edomv>Native forest</edomv><edomvd>Land cover is native forest</edomvd><edomvds>Johnson 2014 land use for the island of Maui, Hawaii, circa 2010.</edomvds></edom></attrdomv><attrdomv><edom><edomv>Pineapple</edomv><edomvd>Land cover is pineapple</edomvd><edomvds>Johnson 2014 land use for the island of Maui, Hawaii, circa 2010.</edomvds></edom></attrdomv><attrdomv><edom><edomv>Reservoir</edomv><edomvd>Land cover is reservoir</edomvd><edomvds>Johnson 2014 land use for the island of Maui, Hawaii, circa 2010.</edomvds></edom></attrdomv><attrdomv><edom><edomv>Shrubland</edomv><edomvd>Land cover is shrubland</edomvd><edomvds>Johnson 2014 land use for the island of Maui, Hawaii, circa 2010.</edomvds></edom></attrdomv><attrdomv><edom><edomv>Sparsely vegetated</edomv><edomvd>Land cover is sparsely vegetated</edomvd><edomvds>Johnson 2014 land use for the island of Maui, Hawaii, circa 2010.</edomvds></edom></attrdomv><attrdomv><edom><edomv>Taro</edomv><edomvd>Land cover is taro</edomvd><edomvds>Johnson 2014 land use for the island of Maui, Hawaii, circa 2010.</edomvds></edom></attrdomv><attrdomv><edom><edomv>Tree plantation</edomv><edomvd>Land cover is tree plantation</edomvd><edomvds>Johnson 2014 land use for the island of Maui, Hawaii, circa 2010.</edomvds></edom></attrdomv><attrdomv><edom><edomv>Water body</edomv><edomvd>Land cover is water body, but not a reservoir</edomvd><edomvds>Johnson 2014 land use for the island of Maui, Hawaii, circa 2010.</edomvds></edom></attrdomv><attrdomv><edom><edomv>Wetland</edomv><edomvd>Land cover is wetland</edomvd><edomvds>Johnson 2014 land use for the island of Maui, Hawaii, circa 2010.</edomvds></edom></attrdomv><attalias Sync="TRUE">LC_Scen_5</attalias><attrtype Sync="TRUE">String</attrtype><attwidth Sync="TRUE">254</attwidth><atprecis Sync="TRUE">0</atprecis><attscale Sync="TRUE">0</attscale></attr><attr><attrlabl>iluS5</attrlabl><attrdef>Identification number of future scenario land cover classes depicting aggressive development and energy focus</attrdef><attrdefs>U.S. Geological Survey</attrdefs><attrdomv><rdom><rdommin>2</rdommin><rdommax>25</rdommax></rdom></attrdomv><attalias Sync="TRUE">iluS5</attalias><attrtype Sync="TRUE">SmallInteger</attrtype><attwidth Sync="TRUE">4</attwidth><atprecis Sync="TRUE">4</atprecis><attscale Sync="TRUE">0</attscale></attr><attr><attrlabl>Source_S_5</attrlabl><attrdef>Source(s) of derived future land cover for scenario depicting aggressive development and energy focus</attrdef><attrdefs>Pacific RISA</attrdefs><attrdomv><edom><edomv>Johnson 2014 land use for the island of Maui, Hawaii, circa 2010</edomv><edomvd>Unknown</edomvd><edomvds>Producer defined</edomvds></edom></attrdomv><attrdomv><edom><edomv>Johnson 2014 land use for the island of Maui, Hawaii, circa 2010, Maui Island Plan development projects database 2013</edomv><edomvd>Unknown</edomvd><edomvds>Producer defined</edomvds></edom></attrdomv><attrdomv><edom><edomv>Johnson 2014 land use for the island of Maui, Hawaii, circa 2010, proposed diversified agriculture on HC&amp;S land in central Maui</edomv><edomvd>Unknown</edomvd><edomvds>Producer defined</edomvds></edom></attrdomv><attrdomv><edom><edomv>Johnson 2014 land use for the island of Maui, Hawaii, circa 2010, proposed fallow HC&amp;S land in central Maui, proposed fallow Maui Land and Pineapple land in West Maui</edomv><edomvd>Unknown</edomvd><edomvds>Producer defined</edomvds></edom></attrdomv><attrdomv><edom><edomv>Johnson 2014 land use for the island of Maui, Hawaii, circa 2010, Vorsino et al. 2014 invasive species habitat suitability maps for albizia, miconia, strawberry guava, and Christmas berry</edomv><edomvd>Unknown</edomvd><edomvds>Producer defined</edomvds></edom></attrdomv><attalias Sync="TRUE">Source_S_5</attalias><attrtype Sync="TRUE">String</attrtype><attwidth Sync="TRUE">254</attwidth><atprecis Sync="TRUE">0</atprecis><attscale Sync="TRUE">0</attscale></attr><attr><attrlabl>LC_Scen_6</attrlabl><attrdef>Name of land cover or vegetation, future scenario depicting balanced development and forest conservation</attrdef><attrdefs>Pacific RISA</attrdefs><attrdomv><edom><edomv>Alien forest</edomv><edomvd>Land cover is alien forest</edomvd><edomvds>Johnson 2014 land use for the island of Maui, Hawaii, circa 2010, Vorsino et al. 2014 invasive species habitat suitability maps for albizia, miconia, strawberry guava, and Christmas berry.</edomvds></edom></attrdomv><attrdomv><edom><edomv>Coffee</edomv><edomvd>Land cover is coffee</edomvd><edomvds>Johnson 2014 land use for the island of Maui, Hawaii, circa 2010.</edomvds></edom></attrdomv><attrdomv><edom><edomv>Developed, high-intensity</edomv><edomvd>Land cover is developed, high-intensity</edomvd><edomvds>Johnson 2014 land use for the island of Maui, Hawaii, circa 2010, Maui Island Plan development projects database 2013.</edomvds></edom></attrdomv><attrdomv><edom><edomv>Developed, low-intensity</edomv><edomvd>Land cover is developed, low-intensity</edomvd><edomvds>Johnson 2014 land use for the island of Maui, Hawaii, circa 2010, Maui Island Plan development projects database 2013.</edomvds></edom></attrdomv><attrdomv><edom><edomv>Developed, medium-intensity</edomv><edomvd>Land cover is developed, medium-intensity</edomvd><edomvds>Johnson 2014 land use for the island of Maui, Hawaii, circa 2010, Maui Island Plan development projects database 2013.</edomvds></edom></attrdomv><attrdomv><edom><edomv>Developed, open space</edomv><edomvd>Land cover is developed, open space</edomvd><edomvds>Johnson 2014 land use for the island of Maui, Hawaii, circa 2010, Maui Island Plan development projects database 2013.</edomvds></edom></attrdomv><attrdomv><edom><edomv>Diversified agriculture</edomv><edomvd>Land cover is diversified agriculture</edomvd><edomvds>Johnson 2014 land use for the island of Maui, Hawaii, circa 2010, proposed diversified ag on existing IALs in Hawaii Commercial and Sugar land in central Maui, proposed diversified ag land in east Maui.</edomvds></edom></attrdomv><attrdomv><edom><edomv>Fallow/grassland</edomv><edomvd>Land cover is fallow/grassland</edomvd><edomvds>Johnson 2014 land use for the island of Maui, Hawaii, circa 2010, potential fallow Hawaii Commercial and Sugar land in central Maui.</edomvds></edom></attrdomv><attrdomv><edom><edomv>Golf course</edomv><edomvd>Land cover is golf course</edomvd><edomvds>Johnson 2014 land use for the island of Maui, Hawaii, circa 2010.</edomvds></edom></attrdomv><attrdomv><edom><edomv>Grassland</edomv><edomvd>Land cover is grassland</edomvd><edomvds>Johnson 2014 land use for the island of Maui, Hawaii, circa 2010, potential grass/rangelands on Maui Land and Pineapple land in West Maui.</edomvds></edom></attrdomv><attrdomv><edom><edomv>Macadamia</edomv><edomvd>Land cover is macadamia</edomvd><edomvds>Johnson 2014 land use for the island of Maui, Hawaii, circa 2010.</edomvds></edom></attrdomv><attrdomv><edom><edomv>Native forest</edomv><edomvd>Land cover is native forest</edomvd><edomvds>Johnson 2014 land use for the island of Maui, Hawaii, circa 2010, Hawaii GAP Analysis Program 2005.</edomvds></edom></attrdomv><attrdomv><edom><edomv>Pineapple</edomv><edomvd>Land cover is pineapple</edomvd><edomvds>Johnson 2014 land use for the island of Maui, Hawaii, circa 2010.</edomvds></edom></attrdomv><attrdomv><edom><edomv>Reservoir</edomv><edomvd>Land cover is reservoir</edomvd><edomvds>Johnson 2014 land use for the island of Maui, Hawaii, circa 2010.</edomvds></edom></attrdomv><attrdomv><edom><edomv>Shrubland</edomv><edomvd>Land cover is shrubland</edomvd><edomvds>Johnson 2014 land use for the island of Maui, Hawaii, circa 2010.</edomvds></edom></attrdomv><attrdomv><edom><edomv>Sparsely vegetated</edomv><edomvd>Land cover is sparsely vegetated</edomvd><edomvds>Johnson 2014 land use for the island of Maui, Hawaii, circa 2010.</edomvds></edom></attrdomv><attrdomv><edom><edomv>Taro</edomv><edomvd>Land cover is taro</edomvd><edomvds>Johnson 2014 land use for the island of Maui, Hawaii, circa 2010, Ladefoged et al. 2009 lands defined as pre-contact "irrigated wetland" or "irrigated wetland and rain-fed dryland".</edomvds></edom></attrdomv><attrdomv><edom><edomv>Tree plantation</edomv><edomvd>Land cover is tree plantation</edomvd><edomvds>Johnson 2014 land use for the island of Maui, Hawaii, circa 2010, potential tree plantation where Hawaii Mesic Lowland Forest category from LANDFIRE 2010 Biophysical Settings Layer falls within boundaries of Ulupalakua and Haleakala Ranches.</edomvds></edom></attrdomv><attrdomv><edom><edomv>Water body</edomv><edomvd>Land cover is water body, but not a reservoir</edomvd><edomvds>Johnson 2014 land use for the island of Maui, Hawaii, circa 2010.</edomvds></edom></attrdomv><attrdomv><edom><edomv>Wetland</edomv><edomvd>Land cover is wetland</edomvd><edomvds>Johnson 2014 land use for the island of Maui, Hawaii, circa 2010.</edomvds></edom></attrdomv><attalias Sync="TRUE">LC_Scen_6</attalias><attrtype Sync="TRUE">String</attrtype><attwidth Sync="TRUE">50</attwidth><atprecis Sync="TRUE">0</atprecis><attscale Sync="TRUE">0</attscale></attr><attr><attrlabl>iluS6</attrlabl><attrdef>Identification number of future scenario land cover classes depicting balanced development and forest conservation</attrdef><attrdefs>U.S. Geological Survey</attrdefs><attrdomv><rdom><rdommin>2</rdommin><rdommax>25</rdommax></rdom></attrdomv><attalias Sync="TRUE">iluS6</attalias><attrtype Sync="TRUE">SmallInteger</attrtype><attwidth Sync="TRUE">4</attwidth><atprecis Sync="TRUE">4</atprecis><attscale Sync="TRUE">0</attscale></attr><attr><attrlabl>Source_S_6</attrlabl><attrdef>Source(s) of derived future land cover scenario depicting balanced development and forest conservation</attrdef><attrdefs>Pacific RISA</attrdefs><attrdomv><edom><edomv>Johnson 2014 land use for the island of Maui, Hawaii, circa 2010</edomv><edomvd>Unknown</edomvd><edomvds>Producer defined</edomvds></edom></attrdomv><attrdomv><edom><edomv>Johnson 2014 land use for the island of Maui, Hawaii, circa 2010, Hawaii GAP Analysis Program 2005</edomv><edomvd>Unknown</edomvd><edomvds>Producer defined</edomvds></edom></attrdomv><attrdomv><edom><edomv>Johnson 2014 land use for the island of Maui, Hawaii, circa 2010, Ladefoged et al. 2009 lands defined as pre-contact "irrigated wetland" or "irrigated wetland and rain-fed dryland"</edomv><edomvd>Unknown</edomvd><edomvds>Producer defined</edomvds></edom></attrdomv><attrdomv><edom><edomv>Johnson 2014 land use for the island of Maui, Hawaii, circa 2010, Maui Island Plan development projects database 2013</edomv><edomvd>Unknown</edomvd><edomvds>Producer defined</edomvds></edom></attrdomv><attrdomv><edom><edomv>Johnson 2014 land use for the island of Maui, Hawaii, circa 2010, proposed diversified ag on existing IALs in HC&amp;S land in central Maui, proposed diversified ag land in east Maui</edomv><edomvd>Unknown</edomvd><edomvds>Producer defined</edomvds></edom></attrdomv><attrdomv><edom><edomv>Johnson 2014 land use for the island of Maui, Hawaii, circa 2010, proposed fallow HC&amp;S land in central Maui</edomv><edomvd>Unknown</edomvd><edomvds>Producer defined</edomvds></edom></attrdomv><attrdomv><edom><edomv>Johnson 2014 land use for the island of Maui, Hawaii, circa 2010, proposed grass/rangelands on Maui Land and Pineapple land in West Maui</edomv><edomvd>Unknown</edomvd><edomvds>Producer defined</edomvds></edom></attrdomv><attrdomv><edom><edomv>Johnson 2014 land use for the island of Maui, Hawaii, circa 2010, proposed tree plantation where Hawaii Mesic Lowland Forest category from LANDFIRE 2010 Biophysical Settings Layer falls within boundaries of Ulupalakua and Haleakala Ranches</edomv><edomvd>Unknown</edomvd><edomvds>Producer defined</edomvds></edom></attrdomv><attrdomv><edom><edomv>Johnson 2014 land use for the island of Maui, Hawaii, circa 2010, Vorsino et al. 2014 invasive species habitat suitability maps for albizia, miconia, strawberry guava, and Christmas berry</edomv><edomvd>Unknown</edomvd><edomvds>Producer defined</edomvds></edom></attrdomv><attalias Sync="TRUE">Source_S_6</attalias><attrtype Sync="TRUE">String</attrtype><attwidth Sync="TRUE">254</attwidth><atprecis Sync="TRUE">0</atprecis><attscale Sync="TRUE">0</attscale></attr></detailed><overview><eaover>The entity and attribute information provided here describes the tabular data associated with the data set. Please review the detailed descriptions that are provided (the individual attribute descriptions) for information on the values that appear as fields/table entries of the data set.</eaover><eadetcit>The entity and attribute information was generated by the individual and/or agency identified as the originator of the data set. Please review the rest of the metadata file for additional details and information.</eadetcit></overview></eainfo><distinfo><distrib><cntinfo><cntorgp><cntorg>East-West Center</cntorg><cntper>Laura Brewington</cntper></cntorgp><cntpos>Research Fellow</cntpos><cntaddr><addrtype>Mailing</addrtype><address>1601 East West Road</address><city>Honolulu</city><state>HI</state><postal>96848</postal><country>US</country></cntaddr><cntvoice>808-944-7233</cntvoice></cntinfo></distrib><distliab>Distributor assumes no liability for misuse of data.</distliab><stdorder><digform><digtinfo><formname>Vector Digital Data Set (Polygon)</formname></digtinfo><digtopt><onlinopt><computer><networka><networkr>http://www.pacificrisa.org</networkr></networka></computer></onlinopt></digtopt></digform><fees>None. No fees are applicable for obtaining the data set.</fees></stdorder></distinfo><metainfo><metd>20151026</metd><metc><cntinfo><cntperp><cntper>Laura Brewington</cntper><cntorg>East-West Center, Pacific RISA program</cntorg></cntperp><cntpos>Research Fellow</cntpos><cntaddr><addrtype>mailing address</addrtype><address>1601 East West Road</address><city>Honolulu</city><state>HI</state><postal>96848</postal><country>US</country></cntaddr><cntvoice>808-944-7233</cntvoice><cntemail>brewingl@eastwestcenter.org</cntemail></cntinfo></metc><metstdn>FGDC Content Standard for Digital Geospatial Metadata</metstdn><metstdv>FGDC-STD-001-1998</metstdv></metainfo><dataIdInfo><envirDesc Sync="TRUE">Microsoft Windows 7 Version 6.1 (Build 7601) Service Pack 1; Esri ArcGIS 10.2.2.3552</envirDesc><dataLang><languageCode value="eng" Sync="TRUE"/><countryCode value="USA" Sync="TRUE"/></dataLang><idCitation><resTitle Sync="TRUE">Maui_future_land_cover_scenarios</resTitle><presForm><PresFormCd value="005" Sync="TRUE"/></presForm></idCitation><spatRpType><SpatRepTypCd value="001" Sync="TRUE"/></spatRpType><dataExt><geoEle xmlns=""><GeoBndBox esriExtentType="search"><exTypeCode Sync="TRUE">1</exTypeCode><westBL Sync="TRUE">-156.702355</westBL><eastBL Sync="TRUE">-155.973931</eastBL><northBL Sync="TRUE">21.032682</northBL><southBL Sync="TRUE">20.568016</southBL></GeoBndBox></geoEle></dataExt><idPurp>The future land cover scenarios in this shapefile were developed in collaboration with stakeholders on Oahu and Maui who are interested in understanding how different land cover changes may impact groundwater recharge under future climate conditions on Maui. The future land cover scenarios are intended for use by the general public as a tool to explore different land use decisions, and may be useful as map outputs, descriptive tools, or land cover inputs for other spatial and numerical models for the island of Maui.</idPurp><idAbs>&lt;DIV STYLE="text-align:Left;"&gt;&lt;DIV&gt;&lt;P&gt;&lt;SPAN&gt;The shapefile associated with this metadata file represents different future scenarios of land use and vegetation for the Island of Maui, Hawaii. The 318,429 polygons represent water-budget subareas developed by the U.S. Geological Survey as described in USGS SIR 2014-5168. The model was developed for estimating groundwater recharge and other water-budget components for each subarea, under current and future climate and land cover conditions. The four future land cover scenarios were developed by the Pacific RISA program at the East-West Center in collaboration with water resource managers, land use planners, developers, ranchers, agricultural producers, and others on Oahu and Maui. They represent a range of possible land cover futures for Maui based on different combinations of management decisions. For more information on the methods and sources of data used to produce this shapefile, please contact the Pacific RISA program.&lt;/SPAN&gt;&lt;/P&gt;&lt;/DIV&gt;&lt;/DIV&gt;</idAbs><idCredit>U.S Geological Survey; U.S. Forest Service; County of Maui Department of Water Supply;
County of Maui Department of Long-Range Planning;
State of Hawaii Commission on Water Resource Management</idCredit><searchKeys><keyword>land cover</keyword><keyword>land use</keyword><keyword>climate change</keyword><keyword>development planning</keyword><keyword>scenario planning</keyword><keyword>groundwater recharge</keyword></searchKeys><resConst><Consts><useLimit>&lt;DIV STYLE="text-align:Left;"&gt;&lt;DIV&gt;&lt;P&gt;&lt;SPAN&gt;Users are advised to read the dataset's metadata and USGS SIR 2014-5168 thoroughly to understand appropriate use and data limitations.&lt;/SPAN&gt;&lt;/P&gt;&lt;/DIV&gt;&lt;/DIV&gt;</useLimit></Consts></resConst></dataIdInfo><mdLang><languageCode value="eng" Sync="TRUE"/><countryCode value="USA" Sync="TRUE"/></mdLang><Esri><DataProperties><itemProps><itemName Sync="TRUE">Maui_future_land_cover_scenarios</itemName><imsContentType Sync="TRUE">002</imsContentType><nativeExtBox><westBL Sync="TRUE">739503.208074</westBL><eastBL Sync="TRUE">814560.327569</eastBL><southBL Sync="TRUE">2277251.476063</southBL><northBL Sync="TRUE">2327493.931411</northBL><exTypeCode Sync="TRUE">1</exTypeCode></nativeExtBox><itemSize Sync="TRUE">105.861</itemSize><itemLocation><linkage Sync="TRUE">file://\\P401022\F$\Spatial_data\Shapefiles\RISA\Maui_future_land_cover_scenarios.shp</linkage><protocol Sync="TRUE">Local Area Network</protocol></itemLocation></itemProps><coordRef><type Sync="TRUE">Projected</type><geogcsn Sync="TRUE">GCS_North_American_1983</geogcsn><csUnits Sync="TRUE">Linear Unit: Meter (1.000000)</csUnits><projcsn Sync="TRUE">NAD_1983_UTM_Zone_4N</projcsn><peXml Sync="TRUE">&lt;ProjectedCoordinateSystem xsi:type='typens:ProjectedCoordinateSystem' xmlns:xsi='http://www.w3.org/2001/XMLSchema-instance' xmlns:xs='http://www.w3.org/2001/XMLSchema' xmlns:typens='http://www.esri.com/schemas/ArcGIS/10.1'&gt;&lt;WKT&gt;PROJCS[&amp;quot;NAD_1983_UTM_Zone_4N&amp;quot;,GEOGCS[&amp;quot;GCS_North_American_1983&amp;quot;,DATUM[&amp;quot;D_North_American_1983&amp;quot;,SPHEROID[&amp;quot;GRS_1980&amp;quot;,6378137.0,298.257222101]],PRIMEM[&amp;quot;Greenwich&amp;quot;,0.0],UNIT[&amp;quot;Degree&amp;quot;,0.0174532925199433]],PROJECTION[&amp;quot;Transverse_Mercator&amp;quot;],PARAMETER[&amp;quot;False_Easting&amp;quot;,500000.0],PARAMETER[&amp;quot;False_Northing&amp;quot;,0.0],PARAMETER[&amp;quot;Central_Meridian&amp;quot;,-159.0],PARAMETER[&amp;quot;Scale_Factor&amp;quot;,0.9996],PARAMETER[&amp;quot;Latitude_Of_Origin&amp;quot;,0.0],UNIT[&amp;quot;Meter&amp;quot;,1.0],AUTHORITY[&amp;quot;EPSG&amp;quot;,26904]]&lt;/WKT&gt;&lt;XOrigin&gt;-5120900&lt;/XOrigin&gt;&lt;YOrigin&gt;-9998100&lt;/YOrigin&gt;&lt;XYScale&gt;450445547.3910538&lt;/XYScale&gt;&lt;ZOrigin&gt;-100000&lt;/ZOrigin&gt;&lt;ZScale&gt;10000&lt;/ZScale&gt;&lt;MOrigin&gt;-100000&lt;/MOrigin&gt;&lt;MScale&gt;10000&lt;/MScale&gt;&lt;XYTolerance&gt;0.001&lt;/XYTolerance&gt;&lt;ZTolerance&gt;0.001&lt;/ZTolerance&gt;&lt;MTolerance&gt;0.001&lt;/MTolerance&gt;&lt;HighPrecision&gt;true&lt;/HighPrecision&gt;&lt;WKID&gt;26904&lt;/WKID&gt;&lt;LatestWKID&gt;26904&lt;/LatestWKID&gt;&lt;/ProjectedCoordinateSystem&gt;</peXml></coordRef></DataProperties><SyncDate>20151026</SyncDate><SyncTime>10044300</SyncTime><ModDate>20151026</ModDate><ModTime>10044300</ModTime><scaleRange><minScale>150000000</minScale><maxScale>5000</maxScale></scaleRange><ArcGISProfile>ItemDescription</ArcGISProfile></Esri><distInfo><distFormat><formatName Sync="TRUE">Shapefile</formatName></distFormat><distTranOps><transSize Sync="TRUE">105.861</transSize></distTranOps></distInfo><mdHrLv><ScopeCd value="005" Sync="TRUE"/></mdHrLv><mdHrLvName Sync="TRUE">dataset</mdHrLvName><refSysInfo><RefSystem><refSysID><identCode code="26904" Sync="TRUE"/><idCodeSpace Sync="TRUE">EPSG</idCodeSpace><idVersion Sync="TRUE">8.2.6</idVersion></refSysID></RefSystem></refSysInfo><spatRepInfo><VectSpatRep><geometObjs Name="Maui_future_land_cover_scenarios"><geoObjTyp><GeoObjTypCd value="002" Sync="TRUE"></GeoObjTypCd></geoObjTyp><geoObjCnt Sync="TRUE">318428</geoObjCnt></geometObjs><topLvl><TopoLevCd value="001" Sync="TRUE"></TopoLevCd></topLvl></VectSpatRep></spatRepInfo><mdDateSt Sync="TRUE">20151026</mdDateSt></metadata>
