<?xml version="1.0" encoding="UTF-8"?>
<metadata xml:lang="en"><Esri><CreaDate>20211031</CreaDate><CreaTime>05014200</CreaTime><ArcGISFormat>1.0</ArcGISFormat><SyncOnce>TRUE</SyncOnce><DataProperties><lineage><Process ToolSource="c:\program files (x86)\arcgis\desktop10.6\ArcToolbox\Toolboxes\Conversion Tools.tbx\GPXtoFeatures" Date="20211031" Time="050142">GPXtoFeatures C:\Users\cshuler\Desktop\Waypoints_30-OCT-21.gpx C:\Users\cshuler\Desktop\AdSci\wapts30.shp</Process></lineage></DataProperties></Esri></metadata>
